rosbagTimestamp,header,seq,stamp,secs,nsecs,frame_id,point_id,x,y,z,range,velocity,doppler_bin,bearing,intensity
1596073430140693050,,71021,,1596073430,140050433,"""ti_mmwave""",0,12.7421875,0.796875,0.28125,15.674243927,0.0,8,3.5785214901,30.0389118195
1596073430170411085,,71022,,1596073430,169908640,"""ti_mmwave""",0,12.765625,0.3984375,0.234375,15.674243927,0.0,8,1.78772127628,30.0389118195
1596073430205317414,,71023,,1596073430,204997689,"""ti_mmwave""",0,12.765625,0.3984375,0.2265625,15.674243927,0.0,8,1.78772127628,30.0346050262
1596073430240416506,,71024,,1596073430,239885222,"""ti_mmwave""",0,12.7421875,0.796875,0.265625,15.674243927,0.0,8,3.5785214901,30.0173377991
1596073430270537686,,71025,,1596073430,270091096,"""ti_mmwave""",0,12.765625,0.3984375,0.21875,15.674243927,0.0,8,1.78772127628,30.0259799957
1596073430305648890,,71026,,1596073430,304808305,"""ti_mmwave""",0,12.7421875,0.796875,0.265625,15.674243927,0.0,8,3.5785214901,30.0302944183
1596073430340733077,,71027,,1596073430,339989787,"""ti_mmwave""",0,12.765625,0.3984375,0.25,15.674243927,0.0,8,1.78772127628,30.0432128906
1596073430370032654,,71028,,1596073430,369767375,"""ti_mmwave""",0,12.7421875,0.796875,0.25,15.674243927,0.0,8,3.5785214901,30.0259799957
1596073430405225648,,71029,,1596073430,404793074,"""ti_mmwave""",0,12.765625,0.3984375,0.2265625,15.674243927,0.0,8,1.78772127628,30.013010025
1596073430440354128,,71030,,1596073430,439866509,"""ti_mmwave""",0,12.765625,0.3984375,0.234375,15.674243927,0.0,8,1.78772127628,30.0302944183
1596073430470529974,,71031,,1596073430,469953875,"""ti_mmwave""",0,12.765625,0.3984375,0.25,15.674243927,0.0,8,1.78772127628,30.0302944183
1596073430505487320,,71032,,1596073430,504870947,"""ti_mmwave""",0,12.765625,0.3984375,0.234375,15.674243927,0.0,8,1.78772127628,30.0432128906
1596073430540437210,,71033,,1596073430,539848908,"""ti_mmwave""",0,12.765625,0.3984375,0.2265625,15.674243927,0.0,8,1.78772127628,30.0173377991
1596073430570218493,,71034,,1596073430,569844903,"""ti_mmwave""",0,12.7421875,0.796875,0.2578125,15.674243927,0.0,8,3.5785214901,30.0389118195
1596073430605201772,,71035,,1596073430,604855327,"""ti_mmwave""",0,12.7421875,0.796875,0.2578125,15.674243927,0.0,8,3.5785214901,30.0259799957
1596073430640219432,,71036,,1596073430,639806700,"""ti_mmwave""",0,12.765625,0.3984375,0.2265625,15.674243927,0.0,8,1.78772127628,30.0475120544
1596073430670159148,,71037,,1596073430,669819386,"""ti_mmwave""",0,12.765625,0.3984375,0.2265625,15.674243927,0.0,8,1.78772127628,30.0389118195
1596073430705170132,,71038,,1596073430,704880057,"""ti_mmwave""",0,12.765625,0.3984375,0.234375,15.674243927,0.0,8,1.78772127628,30.0475120544
1596073430740261660,,71039,,1596073430,740012019,"""ti_mmwave""",0,12.7421875,0.796875,0.2578125,15.674243927,0.0,8,3.5785214901,30.0259799957
1596073430770257263,,71040,,1596073430,769914320,"""ti_mmwave""",0,12.7421875,0.796875,0.2578125,15.674243927,0.0,8,3.5785214901,30.0302944183
1596073430805383024,,71041,,1596073430,804971910,"""ti_mmwave""",0,12.765625,0.3984375,0.2109375,15.674243927,0.0,8,1.78772127628,30.0389118195
1596073430840433494,,71042,,1596073430,840035364,"""ti_mmwave""",0,12.765625,0.3984375,0.21875,15.674243927,0.0,8,1.78772127628,30.0432128906
1596073430870463192,,71043,,1596073430,870014769,"""ti_mmwave""",0,12.7421875,0.796875,0.25,15.674243927,0.0,8,3.5785214901,30.0086765289
1596073430905395515,,71044,,1596073430,905046344,"""ti_mmwave""",0,12.7421875,0.796875,0.265625,15.674243927,0.0,8,3.5785214901,29.9607372284
1596073430940235696,,71045,,1596073430,939853697,"""ti_mmwave""",0,12.7421875,0.796875,0.2578125,15.674243927,0.0,8,3.5785214901,29.9825935364
1596073430970559482,,71046,,1596073430,970054134,"""ti_mmwave""",0,12.765625,0.3984375,0.2421875,15.674243927,0.0,8,1.78772127628,30.0346050262
1596073431005534625,,71047,,1596073431,5065590,"""ti_mmwave""",0,12.765625,0.3984375,0.2109375,15.674243927,0.0,8,1.78772127628,30.013010025
1596073431040591243,,71048,,1596073431,40095766,"""ti_mmwave""",0,12.7421875,0.796875,0.2578125,15.674243927,0.0,8,3.5785214901,30.0259799957
1596073431070534038,,71049,,1596073431,70117408,"""ti_mmwave""",0,12.765625,0.3984375,0.234375,15.674243927,0.0,8,1.78772127628,30.0518054962
1596073431105255505,,71050,,1596073431,104916245,"""ti_mmwave""",0,12.7421875,0.796875,0.2734375,15.674243927,0.0,8,3.5785214901,29.9913063049
1596073431141266967,,71051,,1596073431,140271554,"""ti_mmwave""",0,12.7421875,0.796875,0.28125,15.674243927,0.0,8,3.5785214901,30.0389118195
1596073431170721061,,71052,,1596073431,169940706,"""ti_mmwave""",0,12.7421875,0.796875,0.25,15.674243927,0.0,8,3.5785214901,30.0259799957
1596073431205499354,,71053,,1596073431,204980698,"""ti_mmwave""",0,12.7421875,0.796875,0.2734375,15.674243927,0.0,8,3.5785214901,30.0173377991
1596073431240411510,,71054,,1596073431,240029639,"""ti_mmwave""",0,12.765625,0.3984375,0.25,15.674243927,0.0,8,1.78772127628,29.9956550598
1596073431270437513,,71055,,1596073431,269981072,"""ti_mmwave""",0,12.7421875,0.796875,0.265625,15.674243927,0.0,8,3.5785214901,30.0346050262
1596073431305312625,,71056,,1596073431,304949084,"""ti_mmwave""",0,12.7421875,0.796875,0.265625,15.674243927,0.0,8,3.5785214901,30.0302944183
1596073431340318166,,71057,,1596073431,339969567,"""ti_mmwave""",0,12.765625,0.3984375,0.234375,15.674243927,0.0,8,1.78772127628,30.0259799957
1596073431370414478,,71058,,1596073431,369945419,"""ti_mmwave""",0,12.7421875,0.796875,0.2578125,15.674243927,0.0,8,3.5785214901,30.0302944183
1596073431405431327,,71059,,1596073431,404993722,"""ti_mmwave""",0,12.7421875,0.796875,0.2421875,15.674243927,0.0,8,3.5785214901,30.0086765289
1596073431440376194,,71060,,1596073431,440007946,"""ti_mmwave""",0,12.7421875,0.796875,0.2734375,15.674243927,0.0,8,3.5785214901,30.0086765289
1596073431470321015,,71061,,1596073431,470060702,"""ti_mmwave""",0,12.765625,0.3984375,0.2265625,15.674243927,0.0,8,1.78772127628,30.0432128906
1596073431505641121,,71062,,1596073431,505194497,"""ti_mmwave""",0,12.765625,0.3984375,0.21875,15.674243927,0.0,8,1.78772127628,30.0432128906
1596073431540551362,,71063,,1596073431,540121299,"""ti_mmwave""",0,12.7421875,0.796875,0.28125,15.674243927,0.0,8,3.5785214901,30.0216598511
1596073431570472004,,71064,,1596073431,569987287,"""ti_mmwave""",0,12.765625,0.3984375,0.2265625,15.674243927,0.0,8,1.78772127628,30.0432128906
1596073431605565381,,71065,,1596073431,605200670,"""ti_mmwave""",0,12.765625,0.3984375,0.21875,15.674243927,0.0,8,1.78772127628,30.0
1596073431640657131,,71066,,1596073431,640227266,"""ti_mmwave""",0,12.7421875,0.796875,0.234375,15.674243927,0.0,8,3.5785214901,30.0086765289
1596073431670738894,,71067,,1596073431,670235873,"""ti_mmwave""",0,12.7421875,0.796875,0.2578125,15.674243927,0.0,8,3.5785214901,30.0086765289
1596073431705504426,,71068,,1596073431,705197739,"""ti_mmwave""",0,12.765625,0.3984375,0.234375,15.674243927,0.0,8,1.78772127628,29.9825935364
1596073431740662013,,71069,,1596073431,740268628,"""ti_mmwave""",0,12.765625,0.3984375,0.21875,15.674243927,0.0,8,1.78772127628,30.0475120544
1596073431770555822,,71070,,1596073431,770169503,"""ti_mmwave""",0,12.7421875,0.796875,0.25,15.674243927,0.0,8,3.5785214901,30.0043411255
1596073431805647101,,71071,,1596073431,805252227,"""ti_mmwave""",0,12.765625,0.3984375,0.2421875,15.674243927,0.0,8,1.78772127628,30.0432128906
1596073431840463163,,71072,,1596073431,840051984,"""ti_mmwave""",0,12.765625,0.3984375,0.2265625,15.674243927,0.0,8,1.78772127628,30.0173377991
1596073431870907741,,71073,,1596073431,870304985,"""ti_mmwave""",0,12.765625,0.3984375,0.2265625,15.674243927,0.0,8,1.78772127628,30.0389118195
1596073431905749720,,71074,,1596073431,905247203,"""ti_mmwave""",0,12.765625,0.3984375,0.234375,15.674243927,0.0,8,1.78772127628,30.0475120544
1596073431941106667,,71075,,1596073431,940154060,"""ti_mmwave""",0,12.765625,0.3984375,0.2421875,15.674243927,0.0,8,1.78772127628,30.013010025
1596073431970547948,,71076,,1596073431,969979413,"""ti_mmwave""",0,12.765625,0.3984375,0.2265625,15.674243927,0.0,8,1.78772127628,30.0475120544
1596073432005379430,,71077,,1596073432,4963126,"""ti_mmwave""",0,12.7421875,0.796875,0.28125,15.674243927,0.0,8,3.5785214901,30.013010025
1596073432040492435,,71078,,1596073432,40045437,"""ti_mmwave""",0,12.765625,0.3984375,0.234375,15.674243927,0.0,8,1.78772127628,30.0346050262
1596073432070360209,,71079,,1596073432,69900364,"""ti_mmwave""",0,12.7421875,0.796875,0.265625,15.674243927,0.0,8,3.5785214901,29.9782314301
1596073432105553074,,71080,,1596073432,105083651,"""ti_mmwave""",0,12.7421875,0.796875,0.265625,15.674243927,0.0,8,3.5785214901,30.0302944183
1596073432140330360,,71081,,1596073432,139953120,"""ti_mmwave""",0,12.7421875,0.796875,0.265625,15.674243927,0.0,8,3.5785214901,30.0216598511
1596073432170674582,,71082,,1596073432,170162705,"""ti_mmwave""",0,12.7421875,0.796875,0.2578125,15.674243927,0.0,8,3.5785214901,30.0302944183
1596073432205359540,,71083,,1596073432,204946391,"""ti_mmwave""",0,12.7421875,0.796875,0.2578125,15.674243927,0.0,8,3.5785214901,30.0043411255
1596073432240423684,,71084,,1596073432,240092489,"""ti_mmwave""",0,12.765625,0.3984375,0.21875,15.674243927,0.0,8,1.78772127628,30.0346050262
1596073432270502040,,71085,,1596073432,270014954,"""ti_mmwave""",0,12.7421875,0.796875,0.2421875,15.674243927,0.0,8,3.5785214901,30.013010025
1596073432305419305,,71086,,1596073432,304995404,"""ti_mmwave""",0,12.7421875,0.796875,0.2578125,15.674243927,0.0,8,3.5785214901,30.0259799957
1596073432340626891,,71087,,1596073432,340193831,"""ti_mmwave""",0,12.765625,0.3984375,0.234375,15.674243927,0.0,8,1.78772127628,30.0302944183
1596073432370413593,,71088,,1596073432,369973550,"""ti_mmwave""",0,12.765625,0.3984375,0.2421875,15.674243927,0.0,8,1.78772127628,30.0086765289
1596073432405569997,,71089,,1596073432,405064849,"""ti_mmwave""",0,12.765625,0.3984375,0.2421875,15.674243927,0.0,8,1.78772127628,30.0086765289
1596073432440715789,,71090,,1596073432,440255885,"""ti_mmwave""",0,12.765625,0.3984375,0.21875,15.674243927,0.0,8,1.78772127628,30.0432128906
1596073432470446318,,71091,,1596073432,469990107,"""ti_mmwave""",0,12.7421875,0.796875,0.265625,15.674243927,0.0,8,3.5785214901,30.0302944183
1596073432505461794,,71092,,1596073432,505041782,"""ti_mmwave""",0,12.7421875,0.796875,0.265625,15.674243927,0.0,8,3.5785214901,30.0346050262
1596073432540514126,,71093,,1596073432,540147497,"""ti_mmwave""",0,12.765625,0.3984375,0.2265625,15.674243927,0.0,8,1.78772127628,30.0086765289
1596073432570352713,,71094,,1596073432,569922518,"""ti_mmwave""",0,12.7421875,0.796875,0.265625,15.674243927,0.0,8,3.5785214901,30.0216598511
1596073432605492529,,71095,,1596073432,605021978,"""ti_mmwave""",0,12.7421875,0.796875,0.265625,15.674243927,0.0,8,3.5785214901,30.0302944183
1596073432640815207,,71096,,1596073432,640210873,"""ti_mmwave""",0,12.765625,0.3984375,0.234375,15.674243927,0.0,8,1.78772127628,30.0216598511
1596073432670514409,,71097,,1596073432,670064031,"""ti_mmwave""",0,12.7421875,0.796875,0.2734375,15.674243927,0.0,8,3.5785214901,30.0259799957
1596073432705416678,,71098,,1596073432,704956669,"""ti_mmwave""",0,12.7421875,0.796875,0.25,15.674243927,0.0,8,3.5785214901,30.0302944183
1596073432740979811,,71099,,1596073432,740189268,"""ti_mmwave""",0,12.765625,0.3984375,0.234375,15.674243927,0.0,8,1.78772127628,30.013010025
1596073432770525598,,71100,,1596073432,769979036,"""ti_mmwave""",0,12.765625,0.3984375,0.2265625,15.674243927,0.0,8,1.78772127628,30.0389118195
1596073432805348807,,71101,,1596073432,804907511,"""ti_mmwave""",0,12.7421875,0.796875,0.2734375,15.674243927,0.0,8,3.5785214901,30.013010025
1596073432840392021,,71102,,1596073432,839919364,"""ti_mmwave""",0,12.7421875,0.796875,0.2578125,15.674243927,0.0,8,3.5785214901,30.0302944183
1596073432870449456,,71103,,1596073432,869929596,"""ti_mmwave""",0,12.765625,0.3984375,0.25,15.674243927,0.0,8,1.78772127628,30.0302944183
1596073432905381826,,71104,,1596073432,904926390,"""ti_mmwave""",0,12.7421875,0.796875,0.265625,15.674243927,0.0,8,3.5785214901,30.0346050262
1596073432940427361,,71105,,1596073432,939927919,"""ti_mmwave""",0,12.7421875,0.796875,0.265625,15.674243927,0.0,8,3.5785214901,30.0173377991
1596073432970213572,,71106,,1596073432,969889984,"""ti_mmwave""",0,12.765625,0.3984375,0.234375,15.674243927,0.0,8,1.78772127628,30.0475120544
1596073433005416490,,71107,,1596073433,5010077,"""ti_mmwave""",0,12.765625,0.3984375,0.234375,15.674243927,0.0,8,1.78772127628,29.9956550598
1596073433040389184,,71108,,1596073433,39966834,"""ti_mmwave""",0,12.7421875,0.796875,0.2578125,15.674243927,0.0,8,3.5785214901,30.0259799957
1596073433070254784,,71109,,1596073433,69947090,"""ti_mmwave""",0,12.765625,0.3984375,0.234375,15.674243927,0.0,8,1.78772127628,30.0259799957
1596073433105423431,,71110,,1596073433,104940415,"""ti_mmwave""",0,12.765625,0.3984375,0.2421875,15.674243927,0.0,8,1.78772127628,30.0389118195
1596073433140147578,,71111,,1596073433,139902988,"""ti_mmwave""",0,12.765625,0.3984375,0.25,15.674243927,0.0,8,1.78772127628,30.0259799957
1596073433170637800,,71112,,1596073433,170203526,"""ti_mmwave""",0,12.765625,0.3984375,0.2265625,15.674243927,0.0,8,1.78772127628,30.0302944183
1596073433205380357,,71113,,1596073433,204992444,"""ti_mmwave""",0,12.7421875,0.796875,0.28125,15.674243927,0.0,8,3.5785214901,30.0259799957
1596073433240337553,,71114,,1596073433,239978743,"""ti_mmwave""",0,12.765625,0.3984375,0.2421875,15.674243927,0.0,8,1.78772127628,30.0259799957
1596073433270311726,,71115,,1596073433,269971358,"""ti_mmwave""",0,12.7421875,0.796875,0.2734375,15.674243927,0.0,8,3.5785214901,30.0216598511
1596073433305389145,,71116,,1596073433,305073583,"""ti_mmwave""",0,12.7421875,0.796875,0.25,15.674243927,0.0,8,3.5785214901,30.0302944183
1596073433340632184,,71117,,1596073433,340217455,"""ti_mmwave""",0,12.765625,0.3984375,0.21875,15.674243927,0.0,8,1.78772127628,30.0432128906
1596073433370625739,,71118,,1596073433,370192375,"""ti_mmwave""",0,12.765625,0.3984375,0.234375,15.674243927,0.0,8,1.78772127628,30.0346050262
1596073433405511163,,71119,,1596073433,405171939,"""ti_mmwave""",0,12.765625,0.3984375,0.2265625,15.674243927,0.0,8,1.78772127628,30.0389118195
1596073433440436708,,71120,,1596073433,440039658,"""ti_mmwave""",0,12.7421875,0.796875,0.28125,15.674243927,0.0,8,3.5785214901,30.0302944183
1596073433470426621,,71121,,1596073433,470043209,"""ti_mmwave""",0,12.7421875,0.796875,0.265625,15.674243927,0.0,8,3.5785214901,30.0259799957
1596073433505486542,,71122,,1596073433,505137008,"""ti_mmwave""",0,12.765625,0.3984375,0.25,15.674243927,0.0,8,1.78772127628,30.0173377991
1596073433541052251,,71123,,1596073433,540210676,"""ti_mmwave""",0,12.7421875,0.796875,0.28125,15.674243927,0.0,8,3.5785214901,30.0259799957
1596073433570479472,,71124,,1596073433,570029162,"""ti_mmwave""",0,12.7421875,0.796875,0.2578125,15.674243927,0.0,8,3.5785214901,30.013010025
1596073433605510728,,71125,,1596073433,605029630,"""ti_mmwave""",0,12.765625,0.3984375,0.203125,15.674243927,0.0,8,1.78772127628,30.0432128906
1596073433640508617,,71126,,1596073433,640038609,"""ti_mmwave""",0,12.765625,0.3984375,0.2109375,15.674243927,0.0,8,1.78772127628,30.0216598511
1596073433675369483,,71127,,1596073433,674922801,"""ti_mmwave""",0,12.7421875,0.796875,0.2578125,15.674243927,0.0,8,3.5785214901,30.0216598511
1596073433705339839,,71128,,1596073433,704943179,"""ti_mmwave""",0,12.7421875,0.796875,0.2734375,15.674243927,0.0,8,3.5785214901,29.9913063049
1596073433740478196,,71129,,1596073433,739983841,"""ti_mmwave""",0,12.765625,0.3984375,0.2265625,15.674243927,0.0,8,1.78772127628,30.0346050262
1596073433770300887,,71130,,1596073433,769909488,"""ti_mmwave""",0,12.7421875,0.796875,0.2421875,15.674243927,0.0,8,3.5785214901,30.0
1596073433805487669,,71131,,1596073433,804947757,"""ti_mmwave""",0,12.765625,0.3984375,0.25,15.674243927,0.0,8,1.78772127628,30.0475120544
1596073433840541873,,71132,,1596073433,840165678,"""ti_mmwave""",0,12.765625,0.3984375,0.2421875,15.674243927,0.0,8,1.78772127628,30.0259799957
1596073433875530084,,71133,,1596073433,875170740,"""ti_mmwave""",0,12.765625,0.3984375,0.234375,15.674243927,0.0,8,1.78772127628,30.0173377991
1596073433905390343,,71134,,1596073433,905039564,"""ti_mmwave""",0,12.765625,0.3984375,0.234375,15.674243927,0.0,8,1.78772127628,30.0389118195
1596073433940551010,,71135,,1596073433,940081887,"""ti_mmwave""",0,12.765625,0.3984375,0.21875,15.674243927,0.0,8,1.78772127628,30.0259799957
1596073433975576719,,71136,,1596073433,975166899,"""ti_mmwave""",0,12.7421875,0.796875,0.28125,15.674243927,0.0,8,3.5785214901,30.0043411255
1596073434005513745,,71137,,1596073434,5124292,"""ti_mmwave""",0,12.765625,0.3984375,0.234375,15.674243927,0.0,8,1.78772127628,30.0432128906
1596073434040483350,,71138,,1596073434,40023295,"""ti_mmwave""",0,12.7421875,0.796875,0.25,15.674243927,0.0,8,3.5785214901,29.986951828
1596073434075667574,,71139,,1596073434,75151618,"""ti_mmwave""",0,12.7421875,0.796875,0.25,15.674243927,0.0,8,3.5785214901,30.0216598511
1596073434105376869,,71140,,1596073434,105023989,"""ti_mmwave""",0,12.7421875,0.796875,0.2734375,15.674243927,0.0,8,3.5785214901,30.0216598511
1596073434140354197,,71141,,1596073434,139985185,"""ti_mmwave""",0,12.7421875,0.796875,0.2578125,15.674243927,0.0,8,3.5785214901,30.0389118195
1596073434175467901,,71142,,1596073434,175110779,"""ti_mmwave""",0,12.7421875,0.796875,0.2421875,15.674243927,0.0,8,3.5785214901,30.013010025
1596073434205611011,,71143,,1596073434,205141185,"""ti_mmwave""",0,12.765625,0.3984375,0.2265625,15.674243927,0.0,8,1.78772127628,30.0173377991
1596073434240620175,,71144,,1596073434,240148393,"""ti_mmwave""",0,12.765625,0.3984375,0.2421875,15.674243927,0.0,8,1.78772127628,30.0432128906
1596073434275678423,,71145,,1596073434,275031337,"""ti_mmwave""",0,12.7421875,0.796875,0.2578125,15.674243927,0.0,8,3.5785214901,30.013010025
1596073434305525815,,71146,,1596073434,305028769,"""ti_mmwave""",0,12.7421875,0.796875,0.265625,15.674243927,0.0,8,3.5785214901,30.0259799957
1596073434340372098,,71147,,1596073434,339993211,"""ti_mmwave""",0,12.765625,0.3984375,0.2421875,15.674243927,0.0,8,1.78772127628,30.0259799957
1596073434375598139,,71148,,1596073434,374993251,"""ti_mmwave""",0,12.765625,0.3984375,0.2265625,15.674243927,0.0,8,1.78772127628,30.0302944183
1596073434405822073,,71149,,1596073434,405170109,"""ti_mmwave""",0,12.7421875,0.796875,0.25,15.674243927,0.0,8,3.5785214901,30.0259799957
1596073434440510317,,71150,,1596073434,439988967,"""ti_mmwave""",0,12.7421875,0.796875,0.2578125,15.674243927,0.0,8,3.5785214901,29.9956550598
1596073434475134108,,71151,,1596073434,474890632,"""ti_mmwave""",0,12.765625,0.3984375,0.2265625,15.674243927,0.0,8,1.78772127628,30.0475120544
1596073434505408889,,71152,,1596073434,504952338,"""ti_mmwave""",0,12.7421875,0.796875,0.2578125,15.674243927,0.0,8,3.5785214901,29.9651165009
1596073434540547479,,71153,,1596073434,539996451,"""ti_mmwave""",0,12.7421875,0.796875,0.2578125,15.674243927,0.0,8,3.5785214901,30.0173377991
1596073434575481557,,71154,,1596073434,575110571,"""ti_mmwave""",0,12.7421875,0.796875,0.265625,15.674243927,0.0,8,3.5785214901,30.0173377991
1596073434605628728,,71155,,1596073434,605057563,"""ti_mmwave""",0,12.765625,0.3984375,0.2265625,15.674243927,0.0,8,1.78772127628,30.0259799957
1596073434640622786,,71156,,1596073434,640164664,"""ti_mmwave""",0,12.7421875,0.796875,0.265625,15.674243927,0.0,8,3.5785214901,30.0216598511
1596073434675482001,,71157,,1596073434,675137896,"""ti_mmwave""",0,12.7421875,0.796875,0.25,15.674243927,0.0,8,3.5785214901,30.0259799957
1596073434705530456,,71158,,1596073434,705197956,"""ti_mmwave""",0,12.7421875,0.796875,0.2421875,15.674243927,0.0,8,3.5785214901,29.9738636017
1596073434740674834,,71159,,1596073434,740202067,"""ti_mmwave""",0,12.765625,0.3984375,0.234375,15.674243927,0.0,8,1.78772127628,30.0259799957
1596073434775521134,,71160,,1596073434,775119360,"""ti_mmwave""",0,12.7421875,0.796875,0.25,15.674243927,0.0,8,3.5785214901,30.0173377991
1596073434805657407,,71161,,1596073434,805206737,"""ti_mmwave""",0,12.7421875,0.796875,0.2734375,15.674243927,0.0,8,3.5785214901,29.9956550598
1596073434840736195,,71162,,1596073434,840272378,"""ti_mmwave""",0,12.7421875,0.796875,0.265625,15.674243927,0.0,8,3.5785214901,30.0216598511
1596073434875499637,,71163,,1596073434,875088826,"""ti_mmwave""",0,12.7421875,0.796875,0.265625,15.674243927,0.0,8,3.5785214901,30.0086765289
1596073434905694757,,71164,,1596073434,905155067,"""ti_mmwave""",0,12.7421875,0.796875,0.2578125,15.674243927,0.0,8,3.5785214901,30.0043411255
1596073434940721166,,71165,,1596073434,940197931,"""ti_mmwave""",0,12.765625,0.3984375,0.25,15.674243927,0.0,8,1.78772127628,30.0346050262
1596073434975573454,,71166,,1596073434,975102845,"""ti_mmwave""",0,12.765625,0.3984375,0.21875,15.674243927,0.0,8,1.78772127628,29.9956550598
1596073435005794483,,71167,,1596073435,5096251,"""ti_mmwave""",0,12.7421875,0.796875,0.265625,15.674243927,0.0,8,3.5785214901,30.0086765289
1596073435040588745,,71168,,1596073435,40062549,"""ti_mmwave""",0,12.7421875,0.796875,0.2578125,15.674243927,0.0,8,3.5785214901,30.0173377991
1596073435075744862,,71169,,1596073435,74940342,"""ti_mmwave""",0,12.765625,0.3984375,0.2421875,15.674243927,0.0,8,1.78772127628,30.0086765289
1596073435105515722,,71170,,1596073435,104971400,"""ti_mmwave""",0,12.765625,0.3984375,0.234375,15.674243927,0.0,8,1.78772127628,30.0173377991
1596073435140780223,,71171,,1596073435,140043442,"""ti_mmwave""",0,12.7421875,0.796875,0.2734375,15.674243927,0.0,8,3.5785214901,30.0086765289
1596073435175674211,,71172,,1596073435,174990189,"""ti_mmwave""",0,12.7421875,0.796875,0.2578125,15.674243927,0.0,8,3.5785214901,30.0
1596073435205207219,,71173,,1596073435,204870733,"""ti_mmwave""",0,12.765625,0.3984375,0.2109375,15.674243927,0.0,8,1.78772127628,29.9563522339
1596073435242041580,,71174,,1596073435,239970997,"""ti_mmwave""",0,12.765625,0.3984375,0.21875,15.674243927,0.0,8,1.78772127628,30.0346050262
1596073435275256152,,71175,,1596073435,274873196,"""ti_mmwave""",0,12.7421875,0.796875,0.2578125,15.674243927,0.0,8,3.5785214901,30.0173377991
1596073435305424352,,71176,,1596073435,304900101,"""ti_mmwave""",0,12.7421875,0.796875,0.2421875,15.674243927,0.0,8,3.5785214901,30.0086765289
1596073435340476682,,71177,,1596073435,340005107,"""ti_mmwave""",0,12.7421875,0.796875,0.2734375,15.674243927,0.0,8,3.5785214901,30.0
1596073435375304070,,71178,,1596073435,374922107,"""ti_mmwave""",0,12.7421875,0.796875,0.2734375,15.674243927,0.0,8,3.5785214901,30.0173377991
1596073435405434772,,71179,,1596073435,404886279,"""ti_mmwave""",0,12.765625,0.3984375,0.2265625,15.674243927,0.0,8,1.78772127628,30.0346050262
1596073435440426098,,71180,,1596073435,439941724,"""ti_mmwave""",0,12.765625,0.3984375,0.2421875,15.674243927,0.0,8,1.78772127628,30.0173377991
1596073435475626192,,71181,,1596073435,475122427,"""ti_mmwave""",0,12.7421875,0.796875,0.2421875,15.674243927,0.0,8,3.5785214901,29.9956550598
1596073435505366547,,71182,,1596073435,504923783,"""ti_mmwave""",0,12.7421875,0.796875,0.265625,15.674243927,0.0,8,3.5785214901,30.0259799957
1596073435540384795,,71183,,1596073435,539939053,"""ti_mmwave""",0,12.7421875,0.796875,0.265625,15.674243927,0.0,8,3.5785214901,30.0
1596073435575470274,,71184,,1596073435,574984543,"""ti_mmwave""",0,12.765625,0.3984375,0.2421875,15.674243927,0.0,8,1.78772127628,30.0346050262
1596073435605144623,,71185,,1596073435,604920039,"""ti_mmwave""",0,12.765625,0.3984375,0.2265625,15.674243927,0.0,8,1.78772127628,30.0216598511
1596073435640329818,,71186,,1596073435,639969640,"""ti_mmwave""",0,12.7421875,0.796875,0.2578125,15.674243927,0.0,8,3.5785214901,30.0216598511
1596073435675380686,,71187,,1596073435,674954279,"""ti_mmwave""",0,12.7421875,0.796875,0.2578125,15.674243927,0.0,8,3.5785214901,30.0086765289
1596073435705484441,,71188,,1596073435,705161171,"""ti_mmwave""",0,12.765625,0.3984375,0.21875,15.674243927,0.0,8,1.78772127628,29.9956550598
1596073435740586124,,71189,,1596073435,740056914,"""ti_mmwave""",0,12.765625,0.3984375,0.2265625,15.674243927,0.0,8,1.78772127628,30.0302944183
1596073435775354688,,71190,,1596073435,774941863,"""ti_mmwave""",0,12.7421875,0.796875,0.2734375,15.674243927,0.0,8,3.5785214901,30.0216598511
1596073435805601782,,71191,,1596073435,805210397,"""ti_mmwave""",0,12.7421875,0.796875,0.265625,15.674243927,0.0,8,3.5785214901,30.0043411255
1596073435840383658,,71192,,1596073435,839935714,"""ti_mmwave""",0,12.7421875,0.796875,0.2578125,15.674243927,0.0,8,3.5785214901,29.9956550598
1596073435875682857,,71193,,1596073435,875075162,"""ti_mmwave""",0,12.7421875,0.796875,0.25,15.674243927,0.0,8,3.5785214901,30.0043411255
1596073435905597396,,71194,,1596073435,905093514,"""ti_mmwave""",0,12.765625,0.3984375,0.2109375,15.674243927,0.0,8,1.78772127628,30.0302944183
1596073435940398094,,71195,,1596073435,940028985,"""ti_mmwave""",0,12.765625,0.3984375,0.203125,15.674243927,0.0,8,1.78772127628,30.0216598511
1596073435975383247,,71196,,1596073435,974973221,"""ti_mmwave""",0,12.7421875,0.796875,0.2421875,15.674243927,0.0,8,3.5785214901,29.9738636017
1596073436005459627,,71197,,1596073436,5080543,"""ti_mmwave""",0,12.7421875,0.796875,0.2421875,15.674243927,0.0,8,3.5785214901,30.0216598511
1596073436040360517,,71198,,1596073436,39935233,"""ti_mmwave""",0,12.765625,0.3984375,0.2265625,15.674243927,0.0,8,1.78772127628,30.013010025
1596073436075315183,,71199,,1596073436,74881083,"""ti_mmwave""",0,12.765625,0.3984375,0.2265625,15.674243927,0.0,8,1.78772127628,30.0216598511
1596073436105400205,,71200,,1596073436,104963293,"""ti_mmwave""",0,12.765625,0.3984375,0.2265625,15.674243927,0.0,8,1.78772127628,30.0043411255
1596073436140208703,,71201,,1596073436,139940651,"""ti_mmwave""",0,12.7421875,0.796875,0.2578125,15.674243927,0.0,8,3.5785214901,29.9475688934
1596073436175342111,,71202,,1596073436,175065593,"""ti_mmwave""",0,12.7421875,0.796875,0.2421875,15.674243927,0.0,8,3.5785214901,29.9782314301
1596073436205321836,,71203,,1596073436,204929320,"""ti_mmwave""",0,12.7421875,0.796875,0.25,15.674243927,0.0,8,3.5785214901,29.9956550598
1596073436240247916,,71204,,1596073436,239922734,"""ti_mmwave""",0,12.7421875,0.796875,0.28125,15.674243927,0.0,8,3.5785214901,29.9825935364
1596073436275305780,,71205,,1596073436,274890817,"""ti_mmwave""",0,12.7421875,0.796875,0.2578125,15.674243927,0.0,8,3.5785214901,29.986951828
1596073436305486093,,71206,,1596073436,305090302,"""ti_mmwave""",0,12.7421875,0.796875,0.265625,15.674243927,0.0,8,3.5785214901,29.9825935364
1596073436340352615,,71207,,1596073436,339939748,"""ti_mmwave""",0,12.765625,0.3984375,0.2265625,15.674243927,0.0,8,1.78772127628,29.9607372284
1596073436375633836,,71208,,1596073436,375096903,"""ti_mmwave""",0,12.765625,0.3984375,0.2265625,15.674243927,0.0,8,1.78772127628,30.0086765289
1596073436405515312,,71209,,1596073436,405087056,"""ti_mmwave""",0,12.765625,0.3984375,0.234375,15.674243927,0.0,8,1.78772127628,30.013010025
1596073436440449459,,71210,,1596073436,440077195,"""ti_mmwave""",0,12.765625,0.3984375,0.21875,15.674243927,0.0,8,1.78772127628,30.0302944183
1596073436475652986,,71211,,1596073436,475244301,"""ti_mmwave""",0,12.765625,0.3984375,0.2421875,15.674243927,0.0,8,1.78772127628,30.0346050262
1596073436505514269,,71212,,1596073436,505127493,"""ti_mmwave""",0,12.765625,0.3984375,0.25,15.674243927,0.0,8,1.78772127628,30.0259799957
1596073436540457625,,71213,,1596073436,540010896,"""ti_mmwave""",0,12.765625,0.3984375,0.234375,15.674243927,0.0,8,1.78772127628,30.0216598511
1596073436575551855,,71214,,1596073436,575055711,"""ti_mmwave""",0,12.765625,0.3984375,0.2265625,15.674243927,0.0,8,1.78772127628,30.0216598511
1596073436605755092,,71215,,1596073436,605221266,"""ti_mmwave""",0,12.765625,0.3984375,0.25,15.674243927,0.0,8,1.78772127628,29.9956550598
1596073436640670874,,71216,,1596073436,640257099,"""ti_mmwave""",0,12.765625,0.3984375,0.234375,15.674243927,0.0,8,1.78772127628,29.9956550598
1596073436675777404,,71217,,1596073436,675209080,"""ti_mmwave""",0,12.765625,0.3984375,0.2421875,15.674243927,0.0,8,1.78772127628,29.9694919586
1596073436705603875,,71218,,1596073436,705150180,"""ti_mmwave""",0,12.765625,0.3984375,0.2421875,15.674243927,0.0,8,1.78772127628,29.9956550598
1596073436740724054,,71219,,1596073436,740202547,"""ti_mmwave""",0,12.765625,0.3984375,0.2421875,15.674243927,0.0,8,1.78772127628,30.0
1596073436775577953,,71220,,1596073436,775119101,"""ti_mmwave""",0,12.765625,0.3984375,0.2265625,15.674243927,0.0,8,1.78772127628,30.0302944183
1596073436805437562,,71221,,1596073436,805096690,"""ti_mmwave""",0,12.7421875,0.796875,0.234375,15.674243927,0.0,8,3.5785214901,30.0216598511
1596073436840579986,,71222,,1596073436,840128514,"""ti_mmwave""",0,12.7421875,0.796875,0.25,15.674243927,0.0,8,3.5785214901,29.9694919586
1596073436875387024,,71223,,1596073436,875001998,"""ti_mmwave""",0,12.765625,0.3984375,0.21875,15.674243927,0.0,8,1.78772127628,30.0302944183
1596073436905510946,,71224,,1596073436,905102929,"""ti_mmwave""",0,12.7421875,0.796875,0.2578125,15.674243927,0.0,8,3.5785214901,30.013010025
1596073436940564540,,71225,,1596073436,940082821,"""ti_mmwave""",0,12.7421875,0.796875,0.2578125,15.674243927,0.0,8,3.5785214901,30.013010025
1596073436975309619,,71226,,1596073436,975089203,"""ti_mmwave""",0,12.7421875,0.796875,0.265625,15.674243927,0.0,8,3.5785214901,30.0173377991
1596073437005437905,,71227,,1596073437,5064332,"""ti_mmwave""",0,12.7421875,0.796875,0.25,15.674243927,0.0,8,3.5785214901,30.0086765289
1596073437040455152,,71228,,1596073437,40040768,"""ti_mmwave""",0,12.765625,0.3984375,0.2109375,15.674243927,0.0,8,1.78772127628,30.0346050262
1596073437075547415,,71229,,1596073437,75218630,"""ti_mmwave""",0,12.7421875,0.796875,0.2578125,15.674243927,0.0,8,3.5785214901,29.9563522339
1596073437105686170,,71230,,1596073437,105292759,"""ti_mmwave""",0,12.7421875,0.796875,0.2578125,15.674243927,0.0,8,3.5785214901,30.0173377991
1596073437140568228,,71231,,1596073437,140161225,"""ti_mmwave""",0,12.765625,0.3984375,0.2421875,15.674243927,0.0,8,1.78772127628,30.0346050262
1596073437175499648,,71232,,1596073437,175163031,"""ti_mmwave""",0,12.765625,0.3984375,0.2421875,15.674243927,0.0,8,1.78772127628,29.9956550598
1596073437205550003,,71233,,1596073437,205113775,"""ti_mmwave""",0,12.765625,0.3984375,0.2265625,15.674243927,0.0,8,1.78772127628,29.9825935364
1596073437240453861,,71234,,1596073437,240066683,"""ti_mmwave""",0,12.765625,0.3984375,0.2421875,15.674243927,0.0,8,1.78772127628,29.9956550598
1596073437275632219,,71235,,1596073437,275230440,"""ti_mmwave""",0,12.765625,0.3984375,0.2265625,15.674243927,0.0,8,1.78772127628,30.0259799957
1596073437305623464,,71236,,1596073437,305265778,"""ti_mmwave""",0,12.7421875,0.796875,0.265625,15.674243927,0.0,8,3.5785214901,30.0259799957
1596073437340611593,,71237,,1596073437,340157918,"""ti_mmwave""",0,12.7421875,0.796875,0.2578125,15.674243927,0.0,8,3.5785214901,29.9651165009
1596073437375725874,,71238,,1596073437,375290380,"""ti_mmwave""",0,12.765625,0.3984375,0.2265625,15.674243927,0.0,8,1.78772127628,30.0346050262
1596073437405682212,,71239,,1596073437,405273688,"""ti_mmwave""",0,12.7421875,0.796875,0.2734375,15.674243927,0.0,8,3.5785214901,30.0216598511
1596073437440661753,,71240,,1596073437,440183082,"""ti_mmwave""",0,12.7421875,0.796875,0.25,15.674243927,0.0,8,3.5785214901,29.9956550598
1596073437475594928,,71241,,1596073437,475101879,"""ti_mmwave""",0,12.7421875,0.796875,0.265625,15.674243927,0.0,8,3.5785214901,29.9956550598
1596073437505697417,,71242,,1596073437,505244458,"""ti_mmwave""",0,12.7421875,0.796875,0.28125,15.674243927,0.0,8,3.5785214901,30.0259799957
1596073437540492087,,71243,,1596073437,540048341,"""ti_mmwave""",0,12.765625,0.3984375,0.234375,15.674243927,0.0,8,1.78772127628,30.0216598511
1596073437575592986,,71244,,1596073437,575069610,"""ti_mmwave""",0,12.7421875,0.796875,0.265625,15.674243927,0.0,8,3.5785214901,30.013010025
1596073437605513519,,71245,,1596073437,605041514,"""ti_mmwave""",0,12.765625,0.3984375,0.2421875,15.674243927,0.0,8,1.78772127628,30.0173377991
1596073437640508950,,71246,,1596073437,640050349,"""ti_mmwave""",0,12.765625,0.3984375,0.1953125,15.674243927,0.0,8,1.78772127628,30.0086765289
1596073437675580222,,71247,,1596073437,675042032,"""ti_mmwave""",0,12.765625,0.3984375,0.2265625,15.674243927,0.0,8,1.78772127628,29.9607372284
1596073437705931398,,71248,,1596073437,705260015,"""ti_mmwave""",0,12.765625,0.3984375,0.21875,15.674243927,0.0,8,1.78772127628,29.9563522339
1596073437740822451,,71249,,1596073437,740146998,"""ti_mmwave""",0,12.765625,0.3984375,0.2265625,15.674243927,0.0,8,1.78772127628,29.9956550598
1596073437775408321,,71250,,1596073437,775028799,"""ti_mmwave""",0,12.765625,0.3984375,0.234375,15.674243927,0.0,8,1.78772127628,30.0259799957
1596073437805757498,,71251,,1596073437,805209667,"""ti_mmwave""",0,12.7421875,0.796875,0.2578125,15.674243927,0.0,8,3.5785214901,30.0259799957
1596073437840917044,,71252,,1596073437,840300527,"""ti_mmwave""",0,12.765625,0.3984375,0.2265625,15.674243927,0.0,8,1.78772127628,29.9825935364
1596073437875448338,,71253,,1596073437,875062727,"""ti_mmwave""",0,12.765625,0.3984375,0.21875,15.674243927,0.0,8,1.78772127628,30.0389118195
1596073437905460429,,71254,,1596073437,905017422,"""ti_mmwave""",0,12.7421875,0.796875,0.25,15.674243927,0.0,8,3.5785214901,30.0043411255
1596073437940564419,,71255,,1596073437,940119490,"""ti_mmwave""",0,12.7421875,0.796875,0.28125,15.674243927,0.0,8,3.5785214901,30.0
1596073437975588023,,71256,,1596073437,975187105,"""ti_mmwave""",0,12.7421875,0.796875,0.265625,15.674243927,0.0,8,3.5785214901,30.013010025
1596073438005266874,,71257,,1596073438,4977720,"""ti_mmwave""",0,12.765625,0.3984375,0.234375,15.674243927,0.0,8,1.78772127628,30.0259799957
1596073438040522034,,71258,,1596073438,40166133,"""ti_mmwave""",0,12.765625,0.3984375,0.234375,15.674243927,0.0,8,1.78772127628,29.9913063049
1596073438075499017,,71259,,1596073438,75130267,"""ti_mmwave""",0,12.7421875,0.796875,0.2734375,15.674243927,0.0,8,3.5785214901,30.0216598511
1596073438105393450,,71260,,1596073438,105050006,"""ti_mmwave""",0,12.765625,0.3984375,0.21875,15.674243927,0.0,8,1.78772127628,30.0173377991
1596073438140623716,,71261,,1596073438,140069673,"""ti_mmwave""",0,12.765625,0.3984375,0.234375,15.674243927,0.0,8,1.78772127628,30.0259799957
1596073438175883559,,71262,,1596073438,175268629,"""ti_mmwave""",0,12.765625,0.3984375,0.25,15.674243927,0.0,8,1.78772127628,30.0
1596073438205423357,,71263,,1596073438,205009480,"""ti_mmwave""",0,12.765625,0.3984375,0.25,15.674243927,0.0,8,1.78772127628,30.013010025
1596073438240461019,,71264,,1596073438,240042769,"""ti_mmwave""",0,12.765625,0.3984375,0.2109375,15.674243927,0.0,8,1.78772127628,30.0216598511
1596073438276221848,,71265,,1596073438,275162384,"""ti_mmwave""",0,12.7421875,0.796875,0.2734375,15.674243927,0.0,8,3.5785214901,30.0043411255
1596073438305826428,,71266,,1596073438,305106514,"""ti_mmwave""",0,12.7421875,0.796875,0.2734375,15.674243927,0.0,8,3.5785214901,29.986951828
1596073438340530590,,71267,,1596073438,340015146,"""ti_mmwave""",0,12.765625,0.3984375,0.2265625,15.674243927,0.0,8,1.78772127628,30.0216598511
1596073438375647912,,71268,,1596073438,375133811,"""ti_mmwave""",0,12.765625,0.3984375,0.21875,15.674243927,0.0,8,1.78772127628,30.0302944183
1596073438405673072,,71269,,1596073438,405114931,"""ti_mmwave""",0,12.7421875,0.796875,0.2421875,15.674243927,0.0,8,3.5785214901,30.0086765289
1596073438440429644,,71270,,1596073438,440062360,"""ti_mmwave""",0,12.7421875,0.796875,0.2734375,15.674243927,0.0,8,3.5785214901,30.0086765289
1596073438475996345,,71271,,1596073438,475259969,"""ti_mmwave""",0,12.765625,0.3984375,0.2265625,15.674243927,0.0,8,1.78772127628,30.0302944183
1596073438505543684,,71272,,1596073438,505100949,"""ti_mmwave""",0,12.765625,0.3984375,0.25,15.674243927,0.0,8,1.78772127628,30.0302944183
1596073438540465488,,71273,,1596073438,539949449,"""ti_mmwave""",0,12.7421875,0.796875,0.2578125,15.674243927,0.0,8,3.5785214901,29.9651165009
1596073438575464607,,71274,,1596073438,575114219,"""ti_mmwave""",0,12.7421875,0.796875,0.28125,15.674243927,0.0,8,3.5785214901,30.0173377991
1596073438605869142,,71275,,1596073438,605233956,"""ti_mmwave""",0,12.765625,0.3984375,0.2109375,15.674243927,0.0,8,1.78772127628,30.0216598511
1596073438640595310,,71276,,1596073438,640218534,"""ti_mmwave""",0,12.765625,0.3984375,0.234375,15.674243927,0.0,8,1.78772127628,30.0216598511
1596073438675503201,,71277,,1596073438,675052295,"""ti_mmwave""",0,12.765625,0.3984375,0.234375,15.674243927,0.0,8,1.78772127628,30.0216598511
1596073438705740243,,71278,,1596073438,705313962,"""ti_mmwave""",0,12.765625,0.3984375,0.2421875,15.674243927,0.0,8,1.78772127628,30.0216598511
1596073438740622437,,71279,,1596073438,740247795,"""ti_mmwave""",0,12.7421875,0.796875,0.2578125,15.674243927,0.0,8,3.5785214901,30.0216598511
1596073438775586955,,71280,,1596073438,775197435,"""ti_mmwave""",0,12.7421875,0.796875,0.2578125,15.674243927,0.0,8,3.5785214901,30.0086765289
1596073438805622672,,71281,,1596073438,805182894,"""ti_mmwave""",0,12.765625,0.3984375,0.21875,15.674243927,0.0,8,1.78772127628,29.9913063049
1596073438840541827,,71282,,1596073438,840140073,"""ti_mmwave""",0,12.765625,0.3984375,0.2109375,15.674243927,0.0,8,1.78772127628,30.0346050262
1596073438875462648,,71283,,1596073438,875130194,"""ti_mmwave""",0,12.765625,0.3984375,0.2109375,15.674243927,0.0,8,1.78772127628,30.0216598511
1596073438905536002,,71284,,1596073438,905146625,"""ti_mmwave""",0,12.7421875,0.796875,0.2578125,15.674243927,0.0,8,3.5785214901,30.0302944183
1596073438940454237,,71285,,1596073438,940086160,"""ti_mmwave""",0,12.765625,0.3984375,0.2265625,15.674243927,0.0,8,1.78772127628,30.0346050262
1596073438975588763,,71286,,1596073438,975195014,"""ti_mmwave""",0,12.765625,0.3984375,0.2421875,15.674243927,0.0,8,1.78772127628,30.0216598511
1596073439005799754,,71287,,1596073439,5295591,"""ti_mmwave""",0,12.7421875,0.796875,0.25,15.674243927,0.0,8,3.5785214901,29.9913063049
1596073439040633886,,71288,,1596073439,40182997,"""ti_mmwave""",0,12.7421875,0.796875,0.265625,15.674243927,0.0,8,3.5785214901,30.0259799957
1596073439075963710,,71289,,1596073439,75093564,"""ti_mmwave""",0,12.765625,0.3984375,0.2109375,15.674243927,0.0,8,1.78772127628,30.0259799957
1596073439105437974,,71290,,1596073439,105153699,"""ti_mmwave""",0,12.765625,0.3984375,0.234375,15.674243927,0.0,8,1.78772127628,30.0173377991
1596073439141035924,,71291,,1596073439,140240208,"""ti_mmwave""",0,12.765625,0.3984375,0.2421875,15.674243927,0.0,8,1.78772127628,30.0
1596073439175603091,,71292,,1596073439,175093125,"""ti_mmwave""",0,12.765625,0.3984375,0.21875,15.674243927,0.0,8,1.78772127628,30.0086765289
1596073439205435888,,71293,,1596073439,205050985,"""ti_mmwave""",0,12.765625,0.3984375,0.234375,15.674243927,0.0,8,1.78772127628,30.0216598511
1596073439240301203,,71294,,1596073439,239972956,"""ti_mmwave""",0,12.7421875,0.796875,0.2578125,15.674243927,0.0,8,3.5785214901,30.0173377991
1596073439275504191,,71295,,1596073439,275064644,"""ti_mmwave""",0,12.7421875,0.796875,0.2421875,15.674243927,0.0,8,3.5785214901,30.0
1596073439305555869,,71296,,1596073439,305117478,"""ti_mmwave""",0,12.765625,0.3984375,0.203125,15.674243927,0.0,8,1.78772127628,30.0
1596073439340415262,,71297,,1596073439,339964008,"""ti_mmwave""",0,12.765625,0.3984375,0.2265625,15.674243927,0.0,8,1.78772127628,30.0346050262
1596073439375504111,,71298,,1596073439,375106716,"""ti_mmwave""",0,12.765625,0.3984375,0.2265625,15.674243927,0.0,8,1.78772127628,30.0259799957
1596073439405636668,,71299,,1596073439,405034754,"""ti_mmwave""",0,12.765625,0.3984375,0.203125,15.674243927,0.0,8,1.78772127628,30.0259799957
1596073439440407501,,71300,,1596073439,440066263,"""ti_mmwave""",0,12.765625,0.3984375,0.21875,15.674243927,0.0,8,1.78772127628,30.0259799957
1596073439475556247,,71301,,1596073439,475103253,"""ti_mmwave""",0,12.765625,0.3984375,0.2265625,15.674243927,0.0,8,1.78772127628,29.9519634247
1596073439505594733,,71302,,1596073439,505170321,"""ti_mmwave""",0,12.7421875,0.796875,0.25,15.674243927,0.0,8,3.5785214901,30.0173377991
1596073439540484944,,71303,,1596073439,540092759,"""ti_mmwave""",0,12.765625,0.3984375,0.2421875,15.674243927,0.0,8,1.78772127628,30.0173377991
1596073439575777923,,71304,,1596073439,575327786,"""ti_mmwave""",0,12.765625,0.3984375,0.2109375,15.674243927,0.0,8,1.78772127628,30.0259799957
1596073439605688422,,71305,,1596073439,605241798,"""ti_mmwave""",0,12.765625,0.3984375,0.234375,15.674243927,0.0,8,1.78772127628,30.0086765289
1596073439640532728,,71306,,1596073439,640127938,"""ti_mmwave""",0,12.765625,0.3984375,0.21875,15.674243927,0.0,8,1.78772127628,30.0043411255
1596073439675782692,,71307,,1596073439,675300558,"""ti_mmwave""",0,12.765625,0.3984375,0.234375,15.674243927,0.0,8,1.78772127628,30.0216598511
1596073439705605762,,71308,,1596073439,705247040,"""ti_mmwave""",0,12.765625,0.3984375,0.203125,15.674243927,0.0,8,1.78772127628,30.0173377991
1596073439740570549,,71309,,1596073439,740185196,"""ti_mmwave""",0,12.7421875,0.796875,0.25,15.674243927,0.0,8,3.5785214901,30.0216598511
1596073439775600036,,71310,,1596073439,775227587,"""ti_mmwave""",0,12.765625,0.3984375,0.2265625,15.674243927,0.0,8,1.78772127628,29.9607372284
1596073439805655849,,71311,,1596073439,805238918,"""ti_mmwave""",0,12.765625,0.3984375,0.2109375,15.674243927,0.0,8,1.78772127628,30.0216598511
1596073439840505528,,71312,,1596073439,840057143,"""ti_mmwave""",0,12.765625,0.3984375,0.2578125,15.674243927,0.0,8,1.78772127628,30.0259799957
1596073439875938185,,71313,,1596073439,875123872,"""ti_mmwave""",0,12.765625,0.3984375,0.2109375,15.674243927,0.0,8,1.78772127628,30.0302944183
1596073439905673584,,71314,,1596073439,905135347,"""ti_mmwave""",0,12.765625,0.3984375,0.203125,15.674243927,0.0,8,1.78772127628,30.0389118195
1596073439940546491,,71315,,1596073439,940055549,"""ti_mmwave""",0,12.765625,0.3984375,0.21875,15.674243927,0.0,8,1.78772127628,30.0302944183
1596073439975496799,,71316,,1596073439,975009936,"""ti_mmwave""",0,12.7421875,0.796875,0.234375,15.674243927,0.0,8,3.5785214901,29.9738636017
1596073440006222963,,71317,,1596073440,5111209,"""ti_mmwave""",0,12.7421875,0.796875,0.28125,15.674243927,0.0,8,3.5785214901,30.0173377991
1596073440040497845,,71318,,1596073440,39999559,"""ti_mmwave""",0,12.765625,0.3984375,0.234375,15.674243927,0.0,8,1.78772127628,30.0302944183
1596073440075463594,,71319,,1596073440,75019046,"""ti_mmwave""",0,12.765625,0.3984375,0.234375,15.674243927,0.0,8,1.78772127628,30.0086765289
1596073440105677350,,71320,,1596073440,105131861,"""ti_mmwave""",0,12.765625,0.3984375,0.2265625,15.674243927,0.0,8,1.78772127628,29.986951828
1596073440140196157,,71321,,1596073440,139935741,"""ti_mmwave""",0,12.765625,0.3984375,0.2265625,15.674243927,0.0,8,1.78772127628,29.9956550598
1596073440175451819,,71322,,1596073440,175054444,"""ti_mmwave""",0,12.765625,0.3984375,0.234375,15.674243927,0.0,8,1.78772127628,30.0173377991
1596073440205693245,,71323,,1596073440,205118087,"""ti_mmwave""",0,12.765625,0.3984375,0.234375,15.674243927,0.0,8,1.78772127628,30.0173377991
1596073440240386861,,71324,,1596073440,239992074,"""ti_mmwave""",0,12.7421875,0.796875,0.265625,15.674243927,0.0,8,3.5785214901,30.013010025
1596073440275518355,,71325,,1596073440,275097999,"""ti_mmwave""",0,12.765625,0.3984375,0.2109375,15.674243927,0.0,8,1.78772127628,29.9738636017
1596073440305413948,,71326,,1596073440,305055836,"""ti_mmwave""",0,12.765625,0.3984375,0.203125,15.674243927,0.0,8,1.78772127628,30.0216598511
1596073440340448848,,71327,,1596073440,340049840,"""ti_mmwave""",0,12.765625,0.3984375,0.234375,15.674243927,0.0,8,1.78772127628,30.0302944183
1596073440375645933,,71328,,1596073440,375204789,"""ti_mmwave""",0,12.765625,0.3984375,0.2265625,15.674243927,0.0,8,1.78772127628,30.0389118195
1596073440405484644,,71329,,1596073440,405032317,"""ti_mmwave""",0,12.765625,0.3984375,0.2421875,15.674243927,0.0,8,1.78772127628,30.0346050262
1596073440440929124,,71330,,1596073440,440255209,"""ti_mmwave""",0,12.765625,0.3984375,0.234375,15.674243927,0.0,8,1.78772127628,30.0
1596073440475575590,,71331,,1596073440,475184461,"""ti_mmwave""",0,12.7421875,0.796875,0.234375,15.674243927,0.0,8,3.5785214901,30.0043411255
1596073440505294497,,71332,,1596073440,504993955,"""ti_mmwave""",0,12.7421875,0.796875,0.2265625,15.674243927,0.0,8,3.5785214901,30.0173377991
1596073440540900835,,71333,,1596073440,540134557,"""ti_mmwave""",0,12.765625,0.3984375,0.21875,15.674243927,0.0,8,1.78772127628,30.0259799957
1596073440575520738,,71334,,1596073440,575184262,"""ti_mmwave""",0,12.765625,0.3984375,0.2578125,15.674243927,0.0,8,1.78772127628,30.0259799957
1596073440605411922,,71335,,1596073440,605104681,"""ti_mmwave""",0,12.765625,0.3984375,0.21875,15.674243927,0.0,8,1.78772127628,30.0173377991
1596073440640372707,,71336,,1596073440,640025958,"""ti_mmwave""",0,12.765625,0.3984375,0.234375,15.674243927,0.0,8,1.78772127628,30.0173377991
1596073440676107378,,71337,,1596073440,675352941,"""ti_mmwave""",0,12.765625,0.3984375,0.2109375,15.674243927,0.0,8,1.78772127628,30.013010025
1596073440705595622,,71338,,1596073440,705046994,"""ti_mmwave""",0,12.7421875,0.796875,0.234375,15.674243927,0.0,8,3.5785214901,30.0086765289
1596073440740853010,,71339,,1596073440,740138654,"""ti_mmwave""",0,12.765625,0.3984375,0.2109375,15.674243927,0.0,8,1.78772127628,29.9738636017
1596073440775597966,,71340,,1596073440,775158617,"""ti_mmwave""",0,12.765625,0.3984375,0.21875,15.674243927,0.0,8,1.78772127628,30.0302944183
1596073440805695993,,71341,,1596073440,805066817,"""ti_mmwave""",0,12.765625,0.3984375,0.2265625,15.674243927,0.0,8,1.78772127628,30.0259799957
1596073440840523301,,71342,,1596073440,840091569,"""ti_mmwave""",0,12.7421875,0.796875,0.2578125,15.674243927,0.0,8,3.5785214901,30.0
1596073440875581580,,71343,,1596073440,875012701,"""ti_mmwave""",0,12.7421875,0.796875,0.2578125,15.674243927,0.0,8,3.5785214901,30.0043411255
1596073440905377096,,71344,,1596073440,904988515,"""ti_mmwave""",0,12.7421875,0.796875,0.2578125,15.674243927,0.0,8,3.5785214901,30.0259799957
1596073440940809429,,71345,,1596073440,940067761,"""ti_mmwave""",0,12.765625,0.3984375,0.2421875,15.674243927,0.0,8,1.78772127628,30.0173377991
1596073440975431178,,71346,,1596073440,975094089,"""ti_mmwave""",0,12.7421875,0.796875,0.2578125,15.674243927,0.0,8,3.5785214901,29.9651165009
1596073441005469621,,71347,,1596073441,5088504,"""ti_mmwave""",0,12.7421875,0.796875,0.265625,15.674243927,0.0,8,3.5785214901,30.0173377991
1596073441040240056,,71348,,1596073441,39982044,"""ti_mmwave""",0,12.765625,0.3984375,0.2265625,15.674243927,0.0,8,1.78772127628,30.0216598511
1596073441075464422,,71349,,1596073441,75069538,"""ti_mmwave""",0,12.765625,0.3984375,0.21875,15.674243927,0.0,8,1.78772127628,30.0259799957
1596073441105315272,,71350,,1596073441,105014242,"""ti_mmwave""",0,12.765625,0.3984375,0.21875,15.674243927,0.0,8,1.78772127628,30.0302944183
1596073441140388750,,71351,,1596073441,140163178,"""ti_mmwave""",0,12.765625,0.3984375,0.2265625,15.674243927,0.0,8,1.78772127628,30.0302944183
1596073441175439308,,71352,,1596073441,175076559,"""ti_mmwave""",0,12.7421875,0.796875,0.265625,15.674243927,0.0,8,3.5785214901,30.013010025
1596073441205405485,,71353,,1596073441,205054410,"""ti_mmwave""",0,12.7421875,0.796875,0.25,15.674243927,0.0,8,3.5785214901,29.9825935364
1596073441240809200,,71354,,1596073441,240258079,"""ti_mmwave""",0,12.765625,0.3984375,0.21875,15.674243927,0.0,8,1.78772127628,30.0216598511
1596073441275395770,,71355,,1596073441,275037007,"""ti_mmwave""",0,12.765625,0.3984375,0.2265625,15.674243927,0.0,8,1.78772127628,30.0259799957
1596073441305654328,,71356,,1596073441,305259198,"""ti_mmwave""",0,12.7421875,0.796875,0.2421875,15.674243927,0.0,8,3.5785214901,29.986951828
1596073441340570402,,71357,,1596073441,340125246,"""ti_mmwave""",0,12.7421875,0.796875,0.2578125,15.674243927,0.0,8,3.5785214901,30.0043411255
1596073441375639686,,71358,,1596073441,375245454,"""ti_mmwave""",0,12.7421875,0.796875,0.28125,15.674243927,0.0,8,3.5785214901,30.0
1596073441405576109,,71359,,1596073441,405203838,"""ti_mmwave""",0,12.7421875,0.796875,0.234375,15.674243927,0.0,8,3.5785214901,30.013010025
1596073441440411844,,71360,,1596073441,440035154,"""ti_mmwave""",0,12.765625,0.3984375,0.21875,15.674243927,0.0,8,1.78772127628,30.0302944183
1596073441476168037,,71361,,1596073441,475257661,"""ti_mmwave""",0,12.7421875,0.796875,0.265625,15.674243927,0.0,8,3.5785214901,29.9651165009
1596073441505683144,,71362,,1596073441,505244847,"""ti_mmwave""",0,12.7421875,0.796875,0.2578125,15.674243927,0.0,8,3.5785214901,30.0173377991
1596073441541315880,,71363,,1596073441,540205997,"""ti_mmwave""",0,12.765625,0.3984375,0.2109375,15.674243927,0.0,8,1.78772127628,30.0173377991
1596073441575396923,,71364,,1596073441,575015143,"""ti_mmwave""",0,12.765625,0.3984375,0.21875,15.674243927,0.0,8,1.78772127628,30.0259799957
1596073441605576562,,71365,,1596073441,605045337,"""ti_mmwave""",0,12.765625,0.3984375,0.2109375,15.674243927,0.0,8,1.78772127628,30.0259799957
1596073441640383078,,71366,,1596073441,640055156,"""ti_mmwave""",0,12.765625,0.3984375,0.21875,15.674243927,0.0,8,1.78772127628,30.0086765289
1596073441675452223,,71367,,1596073441,675002601,"""ti_mmwave""",0,12.7421875,0.796875,0.2890625,15.674243927,0.0,8,3.5785214901,30.0173377991
1596073441705379069,,71368,,1596073441,704975658,"""ti_mmwave""",0,12.7421875,0.796875,0.265625,15.674243927,0.0,8,3.5785214901,29.9651165009
1596073441740715755,,71369,,1596073441,740192990,"""ti_mmwave""",0,12.765625,0.3984375,0.2265625,15.674243927,0.0,8,1.78772127628,30.0216598511
1596073441775456943,,71370,,1596073441,775095175,"""ti_mmwave""",0,12.765625,0.3984375,0.21875,15.674243927,0.0,8,1.78772127628,30.0259799957
1596073441805451377,,71371,,1596073441,805130561,"""ti_mmwave""",0,12.7421875,0.796875,0.2578125,15.674243927,0.0,8,3.5785214901,30.0173377991
1596073441840407256,,71372,,1596073441,840119061,"""ti_mmwave""",0,12.7421875,0.796875,0.2734375,15.674243927,0.0,8,3.5785214901,30.0
1596073441875736083,,71373,,1596073441,875349871,"""ti_mmwave""",0,12.7421875,0.796875,0.265625,15.674243927,0.0,8,3.5785214901,30.0216598511
1596073441905739381,,71374,,1596073441,905338772,"""ti_mmwave""",0,12.765625,0.3984375,0.21875,15.674243927,0.0,8,1.78772127628,30.0302944183
1596073441940755112,,71375,,1596073441,940321904,"""ti_mmwave""",0,12.765625,0.3984375,0.2109375,15.674243927,0.0,8,1.78772127628,29.9825935364
1596073441975788860,,71376,,1596073441,975328505,"""ti_mmwave""",0,12.7421875,0.796875,0.2421875,15.674243927,0.0,8,3.5785214901,30.0216598511
1596073442005683808,,71377,,1596073442,5323936,"""ti_mmwave""",0,12.765625,0.3984375,0.2109375,15.674243927,0.0,8,1.78772127628,30.0086765289
1596073442040605963,,71378,,1596073442,40212436,"""ti_mmwave""",0,12.765625,0.3984375,0.203125,15.674243927,0.0,8,1.78772127628,30.0259799957
1596073442075554468,,71379,,1596073442,75232856,"""ti_mmwave""",0,12.765625,0.3984375,0.21875,15.674243927,0.0,8,1.78772127628,30.0216598511
1596073442105810599,,71380,,1596073442,105363697,"""ti_mmwave""",0,12.765625,0.3984375,0.21875,15.674243927,0.0,8,1.78772127628,30.0259799957
1596073442140992406,,71381,,1596073442,140515082,"""ti_mmwave""",0,12.765625,0.3984375,0.234375,15.674243927,0.0,8,1.78772127628,30.0086765289
1596073442175665597,,71382,,1596073442,175223031,"""ti_mmwave""",0,12.7421875,0.796875,0.265625,15.674243927,0.0,8,3.5785214901,30.013010025
1596073442205844856,,71383,,1596073442,205359246,"""ti_mmwave""",0,12.7421875,0.796875,0.265625,15.674243927,0.0,8,3.5785214901,29.9563522339
1596073442240619300,,71384,,1596073442,240279422,"""ti_mmwave""",0,12.765625,0.3984375,0.2265625,15.674243927,0.0,8,1.78772127628,30.0259799957
1596073442275903881,,71385,,1596073442,275352941,"""ti_mmwave""",0,12.765625,0.3984375,0.21875,15.674243927,0.0,8,1.78772127628,30.0173377991
1596073442305878609,,71386,,1596073442,305270866,"""ti_mmwave""",0,12.7421875,0.796875,0.2421875,15.674243927,0.0,8,3.5785214901,30.013010025
1596073442340828654,,71387,,1596073442,340254225,"""ti_mmwave""",0,12.7421875,0.796875,0.265625,15.674243927,0.0,8,3.5785214901,30.0086765289
1596073442375650881,,71388,,1596073442,375198468,"""ti_mmwave""",0,12.765625,0.3984375,0.234375,15.674243927,0.0,8,1.78772127628,30.0216598511
1596073442405697751,,71389,,1596073442,405201309,"""ti_mmwave""",0,12.765625,0.3984375,0.2421875,15.674243927,0.0,8,1.78772127628,30.0086765289
1596073442440614652,,71390,,1596073442,440146739,"""ti_mmwave""",0,12.7421875,0.796875,0.2421875,15.674243927,0.0,8,3.5785214901,29.9913063049
1596073442475661409,,71391,,1596073442,475166863,"""ti_mmwave""",0,12.7421875,0.796875,0.2734375,15.674243927,0.0,8,3.5785214901,30.0173377991
1596073442505534662,,71392,,1596073442,505082753,"""ti_mmwave""",0,12.765625,0.3984375,0.2109375,15.674243927,0.0,8,1.78772127628,30.0173377991
1596073442540727050,,71393,,1596073442,540183854,"""ti_mmwave""",0,12.765625,0.3984375,0.2265625,15.674243927,0.0,8,1.78772127628,30.013010025
1596073442575781518,,71394,,1596073442,575348386,"""ti_mmwave""",0,12.765625,0.3984375,0.234375,15.674243927,0.0,8,1.78772127628,30.0086765289
1596073442605521855,,71395,,1596073442,605115861,"""ti_mmwave""",0,12.765625,0.3984375,0.203125,15.674243927,0.0,8,1.78772127628,30.0216598511
1596073442640905961,,71396,,1596073442,640380710,"""ti_mmwave""",0,12.765625,0.3984375,0.234375,15.674243927,0.0,8,1.78772127628,30.0043411255
1596073442675560230,,71397,,1596073442,675179809,"""ti_mmwave""",0,12.7421875,0.796875,0.25,15.674243927,0.0,8,3.5785214901,30.0043411255
1596073442705724161,,71398,,1596073442,705244117,"""ti_mmwave""",0,12.7421875,0.796875,0.25,15.674243927,0.0,8,3.5785214901,29.9651165009
1596073442740837313,,71399,,1596073442,740333632,"""ti_mmwave""",0,12.765625,0.3984375,0.234375,15.674243927,0.0,8,1.78772127628,30.0173377991
1596073442775744982,,71400,,1596073442,775323283,"""ti_mmwave""",0,12.765625,0.3984375,0.234375,15.674243927,0.0,8,1.78772127628,30.0259799957
1596073442805887179,,71401,,1596073442,805273632,"""ti_mmwave""",0,12.765625,0.3984375,0.1875,15.674243927,0.0,8,1.78772127628,30.0216598511
1596073442840665861,,71402,,1596073442,840204014,"""ti_mmwave""",0,12.765625,0.3984375,0.2109375,15.674243927,0.0,8,1.78772127628,30.0302944183
1596073442875662150,,71403,,1596073442,875230939,"""ti_mmwave""",0,12.765625,0.3984375,0.2265625,15.674243927,0.0,8,1.78772127628,30.0216598511
1596073442905922573,,71404,,1596073442,905309783,"""ti_mmwave""",0,12.765625,0.3984375,0.2265625,15.674243927,0.0,8,1.78772127628,29.9738636017
1596073442940667635,,71405,,1596073442,940250862,"""ti_mmwave""",0,12.7421875,0.796875,0.234375,15.674243927,0.0,8,3.5785214901,29.9956550598
1596073442975763850,,71406,,1596073442,975324300,"""ti_mmwave""",0,12.7421875,0.796875,0.2578125,15.674243927,0.0,8,3.5785214901,30.0
1596073443005581124,,71407,,1596073443,5151453,"""ti_mmwave""",0,12.765625,0.3984375,0.234375,15.674243927,0.0,8,1.78772127628,30.0173377991
1596073443040782989,,71408,,1596073443,40277957,"""ti_mmwave""",0,12.765625,0.3984375,0.21875,15.674243927,0.0,8,1.78772127628,30.0216598511
1596073443075736003,,71409,,1596073443,75161022,"""ti_mmwave""",0,12.765625,0.3984375,0.21875,15.674243927,0.0,8,1.78772127628,30.0173377991
1596073443105681709,,71410,,1596073443,105133178,"""ti_mmwave""",0,12.765625,0.3984375,0.2265625,15.674243927,0.0,8,1.78772127628,30.013010025
1596073443140659766,,71411,,1596073443,140153702,"""ti_mmwave""",0,12.7421875,0.796875,0.2578125,15.674243927,0.0,8,3.5785214901,30.0086765289
1596073443175735236,,71412,,1596073443,175144441,"""ti_mmwave""",0,12.7421875,0.796875,0.25,15.674243927,0.0,8,3.5785214901,29.9607372284
1596073443205551140,,71413,,1596073443,205065018,"""ti_mmwave""",0,12.765625,0.3984375,0.21875,15.674243927,0.0,8,1.78772127628,30.0259799957
1596073443240707829,,71414,,1596073443,240153164,"""ti_mmwave""",0,12.7421875,0.796875,0.2734375,15.674243927,0.0,8,3.5785214901,30.0043411255
1596073443275491141,,71415,,1596073443,275072750,"""ti_mmwave""",0,12.7421875,0.796875,0.2578125,15.674243927,0.0,8,3.5785214901,29.986951828
1596073443306311873,,71416,,1596073443,305143954,"""ti_mmwave""",0,12.7421875,0.796875,0.2578125,15.674243927,0.0,8,3.5785214901,30.0086765289
1596073443340676027,,71417,,1596073443,340254386,"""ti_mmwave""",0,12.7421875,0.796875,0.28125,15.674243927,0.0,8,3.5785214901,29.9782314301
1596073443375815240,,71418,,1596073443,375136315,"""ti_mmwave""",0,12.765625,0.3984375,0.2265625,15.674243927,0.0,8,1.78772127628,30.0216598511
1596073443406191141,,71419,,1596073443,405113163,"""ti_mmwave""",0,12.765625,0.3984375,0.234375,15.674243927,0.0,8,1.78772127628,30.0086765289
1596073443440726875,,71420,,1596073443,440157746,"""ti_mmwave""",0,12.7421875,0.796875,0.2578125,15.674243927,0.0,8,3.5785214901,29.9825935364
1596073443475594790,,71421,,1596073443,475120459,"""ti_mmwave""",0,12.7421875,0.796875,0.2734375,15.674243927,0.0,8,3.5785214901,30.0086765289
1596073443505503513,,71422,,1596073443,505193420,"""ti_mmwave""",0,12.765625,0.3984375,0.234375,15.674243927,0.0,8,1.78772127628,30.0173377991
1596073443540570256,,71423,,1596073443,540099969,"""ti_mmwave""",0,12.765625,0.3984375,0.234375,15.674243927,0.0,8,1.78772127628,30.0173377991
1596073443575571206,,71424,,1596073443,575096647,"""ti_mmwave""",0,12.765625,0.3984375,0.2109375,15.674243927,0.0,8,1.78772127628,30.0173377991
1596073443605694579,,71425,,1596073443,605253142,"""ti_mmwave""",0,12.7421875,0.796875,0.2890625,15.674243927,0.0,8,3.5785214901,30.0216598511
1596073443640511919,,71426,,1596073443,640061791,"""ti_mmwave""",0,12.7421875,0.796875,0.265625,15.674243927,0.0,8,3.5785214901,29.9913063049
1596073443675627568,,71427,,1596073443,675131054,"""ti_mmwave""",0,12.765625,0.3984375,0.2265625,15.674243927,0.0,8,1.78772127628,30.0
1596073443705736423,,71428,,1596073443,705314367,"""ti_mmwave""",0,12.765625,0.3984375,0.2421875,15.674243927,0.0,8,1.78772127628,30.0302944183
1596073443740651484,,71429,,1596073443,740238348,"""ti_mmwave""",0,12.7421875,0.796875,0.2578125,15.674243927,0.0,8,3.5785214901,29.9956550598
1596073443775570164,,71430,,1596073443,775158698,"""ti_mmwave""",0,12.7421875,0.796875,0.2421875,15.674243927,0.0,8,3.5785214901,29.9913063049
1596073443805773562,,71431,,1596073443,805378898,"""ti_mmwave""",0,12.7421875,0.796875,0.25,15.674243927,0.0,8,3.5785214901,29.9913063049
1596073443840663834,,71432,,1596073443,840277963,"""ti_mmwave""",0,12.7421875,0.796875,0.234375,15.674243927,0.0,8,3.5785214901,30.0086765289
1596073443875860364,,71433,,1596073443,875298924,"""ti_mmwave""",0,12.765625,0.3984375,0.21875,15.674243927,0.0,8,1.78772127628,30.0259799957
1596073443905836556,,71434,,1596073443,905226359,"""ti_mmwave""",0,12.765625,0.3984375,0.21875,15.674243927,0.0,8,1.78772127628,29.9956550598
1596073443940522269,,71435,,1596073443,940069097,"""ti_mmwave""",0,12.7421875,0.796875,0.265625,15.674243927,0.0,8,3.5785214901,29.9956550598
1596073443975602021,,71436,,1596073443,975131624,"""ti_mmwave""",0,12.7421875,0.796875,0.2421875,15.674243927,0.0,8,3.5785214901,30.0173377991
1596073444005624194,,71437,,1596073444,5243042,"""ti_mmwave""",0,12.7421875,0.796875,0.25,15.674243927,0.0,8,3.5785214901,30.0
1596073444040522809,,71438,,1596073444,40062678,"""ti_mmwave""",0,12.765625,0.3984375,0.21875,15.674243927,0.0,8,1.78772127628,30.0043411255
1596073444075324503,,71439,,1596073444,75041584,"""ti_mmwave""",0,12.7421875,0.796875,0.2578125,15.674243927,0.0,8,3.5785214901,30.0043411255
1596073444105567316,,71440,,1596073444,105143045,"""ti_mmwave""",0,12.7421875,0.796875,0.234375,15.674243927,0.0,8,3.5785214901,30.0086765289
1596073444140654901,,71441,,1596073444,140191909,"""ti_mmwave""",0,12.7421875,0.796875,0.2734375,15.674243927,0.0,8,3.5785214901,29.9563522339
1596073444175260130,,71442,,1596073444,175031041,"""ti_mmwave""",0,12.765625,0.3984375,0.234375,15.674243927,0.0,8,1.78772127628,30.0259799957
1596073444205560245,,71443,,1596073444,205133775,"""ti_mmwave""",0,12.765625,0.3984375,0.21875,15.674243927,0.0,8,1.78772127628,30.0216598511
1596073444240658230,,71444,,1596073444,240334486,"""ti_mmwave""",0,12.7421875,0.796875,0.25,15.674243927,0.0,8,3.5785214901,30.0086765289
1596073444275553917,,71445,,1596073444,275242162,"""ti_mmwave""",0,12.7421875,0.796875,0.25,15.674243927,0.0,8,3.5785214901,30.0173377991
1596073444305542257,,71446,,1596073444,305201399,"""ti_mmwave""",0,12.765625,0.3984375,0.21875,15.674243927,0.0,8,1.78772127628,30.0302944183
1596073444340774987,,71447,,1596073444,340348837,"""ti_mmwave""",0,12.765625,0.3984375,0.21875,15.674243927,0.0,8,1.78772127628,30.0259799957
1596073444375569800,,71448,,1596073444,375119654,"""ti_mmwave""",0,12.765625,0.3984375,0.2421875,15.674243927,0.0,8,1.78772127628,29.9738636017
1596073444405641738,,71449,,1596073444,405292220,"""ti_mmwave""",0,12.7421875,0.796875,0.265625,15.674243927,0.0,8,3.5785214901,29.9956550598
1596073444440588588,,71450,,1596073444,440187688,"""ti_mmwave""",0,12.7421875,0.796875,0.2734375,15.674243927,0.0,8,3.5785214901,30.013010025
1596073444475860957,,71451,,1596073444,475335620,"""ti_mmwave""",0,12.765625,0.3984375,0.2421875,15.674243927,0.0,8,1.78772127628,30.0043411255
1596073444505662233,,71452,,1596073444,505277297,"""ti_mmwave""",0,12.765625,0.3984375,0.2265625,15.674243927,0.0,8,1.78772127628,30.0
1596073444540700810,,71453,,1596073444,540328072,"""ti_mmwave""",0,12.7421875,0.796875,0.2578125,15.674243927,0.0,8,3.5785214901,30.0043411255
1596073444575747351,,71454,,1596073444,575302223,"""ti_mmwave""",0,12.7421875,0.796875,0.2578125,15.674243927,0.0,8,3.5785214901,30.0043411255
1596073444605716100,,71455,,1596073444,605309962,"""ti_mmwave""",0,12.7421875,0.796875,0.265625,15.674243927,0.0,8,3.5785214901,29.986951828
1596073444640775588,,71456,,1596073444,640327295,"""ti_mmwave""",0,12.765625,0.3984375,0.2265625,15.674243927,0.0,8,1.78772127628,29.986951828
1596073444675811242,,71457,,1596073444,675248546,"""ti_mmwave""",0,12.765625,0.3984375,0.234375,15.674243927,0.0,8,1.78772127628,30.0216598511
1596073444705664342,,71458,,1596073444,705169145,"""ti_mmwave""",0,12.765625,0.3984375,0.2109375,15.674243927,0.0,8,1.78772127628,30.0346050262
1596073444741213661,,71459,,1596073444,740283988,"""ti_mmwave""",0,12.765625,0.3984375,0.21875,15.674243927,0.0,8,1.78772127628,30.0216598511
1596073444775622662,,71460,,1596073444,775129597,"""ti_mmwave""",0,12.765625,0.3984375,0.21875,15.674243927,0.0,8,1.78772127628,30.0259799957
1596073444805974168,,71461,,1596073444,805234216,"""ti_mmwave""",0,12.765625,0.3984375,0.234375,15.674243927,0.0,8,1.78772127628,30.013010025
1596073444840721696,,71462,,1596073444,840209552,"""ti_mmwave""",0,12.765625,0.3984375,0.2421875,15.674243927,0.0,8,1.78772127628,29.9475688934
1596073444875710538,,71463,,1596073444,875173193,"""ti_mmwave""",0,12.7421875,0.796875,0.2421875,15.674243927,0.0,8,3.5785214901,30.0086765289
1596073444905595393,,71464,,1596073444,905159471,"""ti_mmwave""",0,12.7421875,0.796875,0.2421875,15.674243927,0.0,8,3.5785214901,29.9956550598
1596073444940683601,,71465,,1596073444,940265243,"""ti_mmwave""",0,12.765625,0.3984375,0.2265625,15.674243927,0.0,8,1.78772127628,30.0173377991
1596073444975652779,,71466,,1596073444,975199098,"""ti_mmwave""",0,12.765625,0.3984375,0.2265625,15.674243927,0.0,8,1.78772127628,30.0043411255
1596073445005626343,,71467,,1596073445,5188517,"""ti_mmwave""",0,12.765625,0.3984375,0.234375,15.674243927,0.0,8,1.78772127628,30.013010025
1596073445040768087,,71468,,1596073445,40309142,"""ti_mmwave""",0,12.765625,0.3984375,0.2265625,15.674243927,0.0,8,1.78772127628,30.013010025
1596073445075698367,,71469,,1596073445,75254251,"""ti_mmwave""",0,12.7421875,0.796875,0.25,15.674243927,0.0,8,3.5785214901,29.9956550598
1596073445105713880,,71470,,1596073445,105323894,"""ti_mmwave""",0,12.7421875,0.796875,0.265625,15.674243927,0.0,8,3.5785214901,30.0043411255
1596073445140680633,,71471,,1596073445,140275790,"""ti_mmwave""",0,12.7421875,0.796875,0.2578125,15.674243927,0.0,8,3.5785214901,29.9651165009
1596073445175754465,,71472,,1596073445,175314062,"""ti_mmwave""",0,12.765625,0.3984375,0.21875,15.674243927,0.0,8,1.78772127628,30.0
1596073445205557038,,71473,,1596073445,205209167,"""ti_mmwave""",0,12.765625,0.3984375,0.21875,15.674243927,0.0,8,1.78772127628,30.0173377991
1596073445240539843,,71474,,1596073445,240229792,"""ti_mmwave""",0,12.765625,0.3984375,0.2109375,15.674243927,0.0,8,1.78772127628,30.0173377991
1596073445275650050,,71475,,1596073445,275297036,"""ti_mmwave""",0,12.765625,0.3984375,0.234375,15.674243927,0.0,8,1.78772127628,30.0086765289
1596073445305619342,,71476,,1596073445,305261947,"""ti_mmwave""",0,12.765625,0.3984375,0.2265625,15.674243927,0.0,8,1.78772127628,29.9607372284
1596073445340599886,,71477,,1596073445,340294495,"""ti_mmwave""",0,12.7421875,0.796875,0.2578125,15.674243927,0.0,8,3.5785214901,30.0043411255
1596073445375725730,,71478,,1596073445,375298190,"""ti_mmwave""",0,12.7421875,0.796875,0.2421875,15.674243927,0.0,8,3.5785214901,29.9956550598
1596073445405727869,,71479,,1596073445,405342230,"""ti_mmwave""",0,12.765625,0.3984375,0.234375,15.674243927,0.0,8,1.78772127628,30.013010025
1596073445440520233,,71480,,1596073445,440162078,"""ti_mmwave""",0,12.765625,0.3984375,0.2109375,15.674243927,0.0,8,1.78772127628,30.0086765289
1596073445476032631,,71481,,1596073445,475286395,"""ti_mmwave""",0,12.765625,0.3984375,0.234375,15.674243927,0.0,8,1.78772127628,29.9956550598
1596073445505753156,,71482,,1596073445,505103279,"""ti_mmwave""",0,12.765625,0.3984375,0.2265625,15.674243927,0.0,8,1.78772127628,30.0173377991
1596073445541143721,,71483,,1596073445,540281460,"""ti_mmwave""",0,12.765625,0.3984375,0.21875,15.674243927,0.0,8,1.78772127628,30.0173377991
1596073445575700298,,71484,,1596073445,575220340,"""ti_mmwave""",0,12.7421875,0.796875,0.2734375,15.674243927,0.0,8,3.5785214901,30.0043411255
1596073445605952850,,71485,,1596073445,605211955,"""ti_mmwave""",0,12.7421875,0.796875,0.25,15.674243927,0.0,8,3.5785214901,30.0
1596073445640704809,,71486,,1596073445,640230241,"""ti_mmwave""",0,12.765625,0.3984375,0.2109375,15.674243927,0.0,8,1.78772127628,29.9782314301
1596073445675493408,,71487,,1596073445,675046101,"""ti_mmwave""",0,12.765625,0.3984375,0.2265625,15.674243927,0.0,8,1.78772127628,30.013010025
1596073445705847586,,71488,,1596073445,705083769,"""ti_mmwave""",0,12.765625,0.3984375,0.21875,15.674243927,0.0,8,1.78772127628,30.0259799957
1596073445740530484,,71489,,1596073445,740100043,"""ti_mmwave""",0,12.765625,0.3984375,0.234375,15.674243927,0.0,8,1.78772127628,30.0302944183
1596073445775633209,,71490,,1596073445,775115630,"""ti_mmwave""",0,12.765625,0.3984375,0.2265625,15.674243927,0.0,8,1.78772127628,30.013010025
1596073445805547904,,71491,,1596073445,805125567,"""ti_mmwave""",0,12.765625,0.3984375,0.21875,15.674243927,0.0,8,1.78772127628,29.9651165009
1596073445840628913,,71492,,1596073445,840176327,"""ti_mmwave""",0,12.7421875,0.796875,0.2578125,15.674243927,0.0,8,3.5785214901,29.9913063049
1596073445875729826,,71493,,1596073445,875295332,"""ti_mmwave""",0,12.7421875,0.796875,0.2578125,15.674243927,0.0,8,3.5785214901,30.0
1596073445905525626,,71494,,1596073445,905132375,"""ti_mmwave""",0,12.765625,0.3984375,0.2265625,15.674243927,0.0,8,1.78772127628,30.0043411255
1596073445940612341,,71495,,1596073445,940283296,"""ti_mmwave""",0,12.765625,0.3984375,0.2421875,15.674243927,0.0,8,1.78772127628,30.0173377991
1596073445975621210,,71496,,1596073445,975120239,"""ti_mmwave""",0,12.765625,0.3984375,0.2578125,15.674243927,0.0,8,1.78772127628,30.0173377991
1596073446005298330,,71497,,1596073446,5027835,"""ti_mmwave""",0,12.765625,0.3984375,0.21875,15.674243927,0.0,8,1.78772127628,30.013010025
1596073446040639209,,71498,,1596073446,40294145,"""ti_mmwave""",0,12.7421875,0.796875,0.2421875,15.674243927,0.0,8,3.5785214901,29.9956550598
1596073446075624069,,71499,,1596073446,75148929,"""ti_mmwave""",0,12.7421875,0.796875,0.2421875,15.674243927,0.0,8,3.5785214901,30.0086765289
1596073446105702370,,71500,,1596073446,105333643,"""ti_mmwave""",0,12.7421875,0.796875,0.265625,15.674243927,0.0,8,3.5785214901,29.9694919586
1596073446140760420,,71501,,1596073446,140263727,"""ti_mmwave""",0,12.765625,0.3984375,0.2109375,15.674243927,0.0,8,1.78772127628,29.9913063049
1596073446175551212,,71502,,1596073446,175175778,"""ti_mmwave""",0,12.765625,0.3984375,0.234375,15.674243927,0.0,8,1.78772127628,30.0173377991
1596073446205605480,,71503,,1596073446,205249253,"""ti_mmwave""",0,12.765625,0.3984375,0.234375,15.674243927,0.0,8,1.78772127628,30.0173377991
1596073446240565294,,71504,,1596073446,240094388,"""ti_mmwave""",0,12.765625,0.3984375,0.203125,15.674243927,0.0,8,1.78772127628,30.0259799957
1596073446275733187,,71505,,1596073446,275168312,"""ti_mmwave""",0,12.765625,0.3984375,0.234375,15.674243927,0.0,8,1.78772127628,29.9913063049
1596073446305566599,,71506,,1596073446,305124023,"""ti_mmwave""",0,12.7421875,0.796875,0.2421875,15.674243927,0.0,8,3.5785214901,29.9738636017
1596073446340752024,,71507,,1596073446,340203564,"""ti_mmwave""",0,12.7421875,0.796875,0.265625,15.674243927,0.0,8,3.5785214901,30.0043411255
1596073446375645688,,71508,,1596073446,375134310,"""ti_mmwave""",0,12.7421875,0.796875,0.28125,15.674243927,0.0,8,3.5785214901,30.0043411255
1596073446405405702,,71509,,1596073446,405050896,"""ti_mmwave""",0,12.765625,0.3984375,0.2265625,15.674243927,0.0,8,1.78772127628,30.013010025
1596073446440404958,,71510,,1596073446,440032727,"""ti_mmwave""",0,12.765625,0.3984375,0.2265625,15.674243927,0.0,8,1.78772127628,30.0173377991
1596073446475423017,,71511,,1596073446,475071424,"""ti_mmwave""",0,12.765625,0.3984375,0.234375,15.674243927,0.0,8,1.78772127628,30.013010025
1596073446505485815,,71512,,1596073446,505091223,"""ti_mmwave""",0,12.765625,0.3984375,0.2109375,15.674243927,0.0,8,1.78772127628,30.0086765289
1596073446540563848,,71513,,1596073446,540167376,"""ti_mmwave""",0,12.7421875,0.796875,0.2578125,15.674243927,0.0,8,3.5785214901,30.0
1596073446575415941,,71514,,1596073446,575124709,"""ti_mmwave""",0,12.7421875,0.796875,0.265625,15.674243927,0.0,8,3.5785214901,29.986951828
1596073446605499771,,71515,,1596073446,605166274,"""ti_mmwave""",0,12.765625,0.3984375,0.21875,15.674243927,0.0,8,1.78772127628,29.986951828
1596073446640818684,,71516,,1596073446,640272414,"""ti_mmwave""",0,12.765625,0.3984375,0.21875,15.674243927,0.0,8,1.78772127628,30.0086765289
1596073446675564491,,71517,,1596073446,675186704,"""ti_mmwave""",0,12.765625,0.3984375,0.203125,15.674243927,0.0,8,1.78772127628,30.0216598511
1596073446705590439,,71518,,1596073446,705247028,"""ti_mmwave""",0,12.765625,0.3984375,0.21875,15.674243927,0.0,8,1.78772127628,30.0216598511
1596073446740762476,,71519,,1596073446,740379832,"""ti_mmwave""",0,12.765625,0.3984375,0.2109375,15.674243927,0.0,8,1.78772127628,30.0173377991
1596073446775676556,,71520,,1596073446,775286036,"""ti_mmwave""",0,12.765625,0.3984375,0.2109375,15.674243927,0.0,8,1.78772127628,30.0
1596073446805634729,,71521,,1596073446,805270842,"""ti_mmwave""",0,12.7421875,0.796875,0.265625,15.674243927,0.0,8,3.5785214901,29.9607372284
1596073446840690751,,71522,,1596073446,840260760,"""ti_mmwave""",0,12.7421875,0.796875,0.2578125,15.674243927,0.0,8,3.5785214901,30.0043411255
1596073446875632450,,71523,,1596073446,875254981,"""ti_mmwave""",0,12.7421875,0.796875,0.2578125,15.674243927,0.0,8,3.5785214901,30.0
1596073446905683484,,71524,,1596073446,905294279,"""ti_mmwave""",0,12.765625,0.3984375,0.2265625,15.674243927,0.0,8,1.78772127628,30.013010025
1596073446940660422,,71525,,1596073446,940256628,"""ti_mmwave""",0,12.765625,0.3984375,0.21875,15.674243927,0.0,8,1.78772127628,30.013010025
1596073446975658442,,71526,,1596073446,975268566,"""ti_mmwave""",0,12.765625,0.3984375,0.21875,15.674243927,0.0,8,1.78772127628,30.0086765289
1596073447005725691,,71527,,1596073447,5293747,"""ti_mmwave""",0,12.765625,0.3984375,0.2109375,15.674243927,0.0,8,1.78772127628,29.9956550598
1596073447040744886,,71528,,1596073447,40293547,"""ti_mmwave""",0,12.7421875,0.796875,0.2421875,15.674243927,0.0,8,3.5785214901,30.013010025
1596073447076043949,,71529,,1596073447,75403025,"""ti_mmwave""",0,12.7421875,0.796875,0.2421875,15.674243927,0.0,8,3.5785214901,29.986951828
1596073447105757536,,71530,,1596073447,105334308,"""ti_mmwave""",0,12.765625,0.3984375,0.21875,15.674243927,0.0,8,1.78772127628,29.9607372284
1596073447140607209,,71531,,1596073447,140245813,"""ti_mmwave""",0,12.765625,0.3984375,0.234375,15.674243927,0.0,8,1.78772127628,30.0043411255
1596073447175765361,,71532,,1596073447,175233740,"""ti_mmwave""",0,12.765625,0.3984375,0.21875,15.674243927,0.0,8,1.78772127628,30.013010025
1596073447205854013,,71533,,1596073447,205282338,"""ti_mmwave""",0,12.765625,0.3984375,0.2265625,15.674243927,0.0,8,1.78772127628,30.0086765289
1596073447240829941,,71534,,1596073447,240276270,"""ti_mmwave""",0,12.765625,0.3984375,0.2109375,15.674243927,0.0,8,1.78772127628,30.0
1596073447275672372,,71535,,1596073447,275205965,"""ti_mmwave""",0,12.765625,0.3984375,0.2109375,15.674243927,0.0,8,1.78772127628,29.9607372284
1596073447305942026,,71536,,1596073447,305264339,"""ti_mmwave""",0,12.7421875,0.796875,0.2578125,15.674243927,0.0,8,3.5785214901,29.986951828
1596073447340455442,,71537,,1596073447,340165768,"""ti_mmwave""",0,12.7421875,0.796875,0.2578125,15.674243927,0.0,8,3.5785214901,30.0043411255
1596073447375622252,,71538,,1596073447,375177090,"""ti_mmwave""",0,12.7421875,0.796875,0.25,15.674243927,0.0,8,3.5785214901,30.0
1596073447405855455,,71539,,1596073447,405308636,"""ti_mmwave""",0,12.765625,0.3984375,0.2265625,15.674243927,0.0,8,1.78772127628,30.0
1596073447440820830,,71540,,1596073447,440413054,"""ti_mmwave""",0,12.765625,0.3984375,0.234375,15.674243927,0.0,8,1.78772127628,30.0086765289
1596073447475756395,,71541,,1596073447,475349836,"""ti_mmwave""",0,12.7421875,0.796875,0.265625,15.674243927,0.0,8,3.5785214901,29.9956550598
1596073447505834730,,71542,,1596073447,505292592,"""ti_mmwave""",0,12.7421875,0.796875,0.25,15.674243927,0.0,8,3.5785214901,29.9956550598
1596073447540806019,,71543,,1596073447,540283804,"""ti_mmwave""",0,12.7421875,0.796875,0.25,15.674243927,0.0,8,3.5785214901,29.9956550598
1596073447575991252,,71544,,1596073447,575493546,"""ti_mmwave""",0,12.765625,0.3984375,0.21875,15.674243927,0.0,8,1.78772127628,29.9519634247
1596073447605568699,,71545,,1596073447,605208787,"""ti_mmwave""",0,12.765625,0.3984375,0.234375,15.674243927,0.0,8,1.78772127628,30.0
1596073447640660567,,71546,,1596073447,640283989,"""ti_mmwave""",0,12.765625,0.3984375,0.21875,15.674243927,0.0,8,1.78772127628,30.013010025
1596073447675648634,,71547,,1596073447,675288805,"""ti_mmwave""",0,12.765625,0.3984375,0.2421875,15.674243927,0.0,8,1.78772127628,30.013010025
1596073447705755789,,71548,,1596073447,705396895,"""ti_mmwave""",0,12.765625,0.3984375,0.1875,15.674243927,0.0,8,1.78772127628,30.0216598511
1596073447740608636,,71549,,1596073447,740200072,"""ti_mmwave""",0,12.765625,0.3984375,0.2265625,15.674243927,0.0,8,1.78772127628,30.0173377991
1596073447775821393,,71550,,1596073447,775350637,"""ti_mmwave""",0,12.765625,0.3984375,0.234375,15.674243927,0.0,8,1.78772127628,29.9956550598
1596073447805729712,,71551,,1596073447,805412324,"""ti_mmwave""",0,12.765625,0.3984375,0.234375,15.674243927,0.0,8,1.78772127628,29.9519634247
1596073447840732067,,71552,,1596073447,840267793,"""ti_mmwave""",0,12.7421875,0.796875,0.265625,15.674243927,0.0,8,3.5785214901,29.9607372284
1596073447875709414,,71553,,1596073447,875223852,"""ti_mmwave""",0,12.7421875,0.796875,0.2421875,15.674243927,0.0,8,3.5785214901,29.9825935364
1596073447905478552,,71554,,1596073447,905140027,"""ti_mmwave""",0,12.7421875,0.796875,0.265625,15.674243927,0.0,8,3.5785214901,29.9913063049
1596073447941107286,,71555,,1596073447,940357627,"""ti_mmwave""",0,12.7421875,0.796875,0.2734375,15.674243927,0.0,8,3.5785214901,29.9738636017
1596073447975663291,,71556,,1596073447,975229284,"""ti_mmwave""",0,12.765625,0.3984375,0.2265625,15.674243927,0.0,8,1.78772127628,29.9387683868
1596073448005688745,,71557,,1596073448,5192011,"""ti_mmwave""",0,12.765625,0.3984375,0.203125,15.674243927,0.0,8,1.78772127628,29.9956550598
1596073448040669776,,71558,,1596073448,40211265,"""ti_mmwave""",0,12.765625,0.3984375,0.2265625,15.674243927,0.0,8,1.78772127628,30.0086765289
1596073448075762673,,71559,,1596073448,75231086,"""ti_mmwave""",0,12.765625,0.3984375,0.2265625,15.674243927,0.0,8,1.78772127628,30.0173377991
1596073448105597720,,71560,,1596073448,105240531,"""ti_mmwave""",0,12.7421875,0.796875,0.234375,15.674243927,0.0,8,3.5785214901,30.0043411255
1596073448140591727,,71561,,1596073448,140215086,"""ti_mmwave""",0,12.7421875,0.796875,0.25,15.674243927,0.0,8,3.5785214901,29.9825935364
1596073448175869633,,71562,,1596073448,175237386,"""ti_mmwave""",0,12.7421875,0.796875,0.25,15.674243927,0.0,8,3.5785214901,29.986951828
1596073448205603405,,71563,,1596073448,205245697,"""ti_mmwave""",0,12.7421875,0.796875,0.25,15.674243927,0.0,8,3.5785214901,29.9956550598
1596073448240578797,,71564,,1596073448,240177484,"""ti_mmwave""",0,12.765625,0.3984375,0.2265625,15.674243927,0.0,8,1.78772127628,30.0173377991
1596073448276028074,,71565,,1596073448,275492024,"""ti_mmwave""",0,12.765625,0.3984375,0.21875,15.674243927,0.0,8,1.78772127628,30.0173377991
1596073448305874710,,71566,,1596073448,305354237,"""ti_mmwave""",0,12.765625,0.3984375,0.234375,15.674243927,0.0,8,1.78772127628,29.9738636017
1596073448341047728,,71567,,1596073448,340423043,"""ti_mmwave""",0,12.7421875,0.796875,0.25,15.674243927,0.0,8,3.5785214901,29.9694919586
1596073448376066963,,71568,,1596073448,375543260,"""ti_mmwave""",0,12.7421875,0.796875,0.2578125,15.674243927,0.0,8,3.5785214901,29.986951828
1596073448405728156,,71569,,1596073448,405356350,"""ti_mmwave""",0,12.7421875,0.796875,0.234375,15.674243927,0.0,8,3.5785214901,29.9913063049
1596073448440776497,,71570,,1596073448,440369172,"""ti_mmwave""",0,12.7421875,0.796875,0.25,15.674243927,0.0,8,3.5785214901,29.9782314301
1596073448475666499,,71571,,1596073448,475214498,"""ti_mmwave""",0,12.7421875,0.796875,0.2734375,15.674243927,0.0,8,3.5785214901,29.9563522339
1596073448505764539,,71572,,1596073448,505370425,"""ti_mmwave""",0,12.765625,0.3984375,0.2265625,15.674243927,0.0,8,1.78772127628,29.9738636017
1596073448540524747,,71573,,1596073448,540211823,"""ti_mmwave""",0,12.765625,0.3984375,0.2421875,15.674243927,0.0,8,1.78772127628,30.0086765289
1596073448575796624,,71574,,1596073448,575261792,"""ti_mmwave""",0,12.765625,0.3984375,0.234375,15.674243927,0.0,8,1.78772127628,30.0173377991
1596073448605670118,,71575,,1596073448,605245208,"""ti_mmwave""",0,12.765625,0.3984375,0.21875,15.674243927,0.0,8,1.78772127628,30.013010025
1596073448640691846,,71576,,1596073448,640269575,"""ti_mmwave""",0,12.7421875,0.796875,0.2578125,15.674243927,0.0,8,3.5785214901,30.0043411255
1596073448675713559,,71577,,1596073448,675261766,"""ti_mmwave""",0,12.765625,0.3984375,0.2109375,15.674243927,0.0,8,1.78772127628,30.0043411255
1596073448705456604,,71578,,1596073448,705139686,"""ti_mmwave""",0,12.765625,0.3984375,0.2265625,15.674243927,0.0,8,1.78772127628,30.0086765289
1596073448740720732,,71579,,1596073448,740287501,"""ti_mmwave""",0,12.765625,0.3984375,0.2421875,15.674243927,0.0,8,1.78772127628,30.0173377991
1596073448776391888,,71580,,1596073448,775192210,"""ti_mmwave""",0,12.765625,0.3984375,0.2265625,15.674243927,0.0,8,1.78772127628,29.9782314301
1596073448805505656,,71581,,1596073448,805129470,"""ti_mmwave""",0,12.7421875,0.796875,0.265625,15.674243927,0.0,8,3.5785214901,29.9651165009
1596073448840559316,,71582,,1596073448,840128063,"""ti_mmwave""",0,12.7421875,0.796875,0.25,15.674243927,0.0,8,3.5785214901,30.0043411255
1596073448875425998,,71583,,1596073448,875134114,"""ti_mmwave""",0,12.7421875,0.796875,0.21875,15.674243927,0.0,8,3.5785214901,30.0086765289
1596073448905924465,,71584,,1596073448,905347495,"""ti_mmwave""",0,12.7421875,0.796875,0.2578125,15.674243927,0.0,8,3.5785214901,30.0
1596073448940645098,,71585,,1596073448,940248371,"""ti_mmwave""",0,12.7421875,0.796875,0.25,15.674243927,0.0,8,3.5785214901,29.9956550598
1596073448975634845,,71586,,1596073448,975255310,"""ti_mmwave""",0,12.7421875,0.796875,0.265625,15.674243927,0.0,8,3.5785214901,30.0043411255
1596073449005668297,,71587,,1596073449,5229836,"""ti_mmwave""",0,12.7421875,0.796875,0.25,15.674243927,0.0,8,3.5785214901,30.0
1596073449040633135,,71588,,1596073449,40200022,"""ti_mmwave""",0,12.765625,0.3984375,0.234375,15.674243927,0.0,8,1.78772127628,29.9607372284
1596073449075517661,,71589,,1596073449,75186480,"""ti_mmwave""",0,12.765625,0.3984375,0.2109375,15.674243927,0.0,8,1.78772127628,30.0086765289
1596073449105601940,,71590,,1596073449,105292060,"""ti_mmwave""",0,12.765625,0.3984375,0.2265625,15.674243927,0.0,8,1.78772127628,30.0173377991
1596073449140688272,,71591,,1596073449,140347607,"""ti_mmwave""",0,12.765625,0.3984375,0.2265625,15.674243927,0.0,8,1.78772127628,30.0302944183
1596073449175725094,,71592,,1596073449,175253693,"""ti_mmwave""",0,12.765625,0.3984375,0.21875,15.674243927,0.0,8,1.78772127628,30.0259799957
1596073449205822599,,71593,,1596073449,205401206,"""ti_mmwave""",0,12.765625,0.3984375,0.203125,15.674243927,0.0,8,1.78772127628,30.0216598511
1596073449240822187,,71594,,1596073449,240443901,"""ti_mmwave""",0,12.765625,0.3984375,0.21875,15.674243927,0.0,8,1.78772127628,30.013010025
1596073449275901310,,71595,,1596073449,275418396,"""ti_mmwave""",0,12.765625,0.3984375,0.2265625,15.674243927,0.0,8,1.78772127628,29.9782314301
1596073449305779462,,71596,,1596073449,305350849,"""ti_mmwave""",0,12.7421875,0.796875,0.234375,15.674243927,0.0,8,3.5785214901,29.9607372284
1596073449340736865,,71597,,1596073449,340289335,"""ti_mmwave""",0,12.7421875,0.796875,0.25,15.674243927,0.0,8,3.5785214901,29.9782314301
1596073449375884763,,71598,,1596073449,375477595,"""ti_mmwave""",0,12.7421875,0.796875,0.25,15.674243927,0.0,8,3.5785214901,29.986951828
1596073449405708276,,71599,,1596073449,405334701,"""ti_mmwave""",0,12.7421875,0.796875,0.2578125,15.674243927,0.0,8,3.5785214901,29.986951828
1596073449440645818,,71600,,1596073449,440317383,"""ti_mmwave""",0,12.7421875,0.796875,0.265625,15.674243927,0.0,8,3.5785214901,29.9431724548
1596073449476166682,,71601,,1596073449,475293085,"""ti_mmwave""",0,12.765625,0.3984375,0.2421875,15.674243927,0.0,8,1.78772127628,29.9913063049
1596073449505841885,,71602,,1596073449,505253101,"""ti_mmwave""",0,12.765625,0.3984375,0.2109375,15.674243927,0.0,8,1.78772127628,30.0086765289
1596073449540720780,,71603,,1596073449,540252976,"""ti_mmwave""",0,12.7421875,0.796875,0.25,15.674243927,0.0,8,3.5785214901,30.0
1596073449575726332,,71604,,1596073449,575264566,"""ti_mmwave""",0,12.7421875,0.796875,0.25,15.674243927,0.0,8,3.5785214901,29.9782314301
1596073449605739112,,71605,,1596073449,605268465,"""ti_mmwave""",0,12.7421875,0.796875,0.25,15.674243927,0.0,8,3.5785214901,30.0
1596073449640861252,,71606,,1596073449,640278479,"""ti_mmwave""",0,12.7421875,0.796875,0.2421875,15.674243927,0.0,8,3.5785214901,30.0043411255
1596073449675640641,,71607,,1596073449,675208181,"""ti_mmwave""",0,12.7421875,0.796875,0.2578125,15.674243927,0.0,8,3.5785214901,29.9825935364
1596073449705612780,,71608,,1596073449,705190399,"""ti_mmwave""",0,12.7421875,0.796875,0.2421875,15.674243927,0.0,8,3.5785214901,29.9956550598
1596073449740519586,,71609,,1596073449,740160876,"""ti_mmwave""",0,12.765625,0.3984375,0.2265625,15.674243927,0.0,8,1.78772127628,30.0043411255
1596073449775699431,,71610,,1596073449,775274031,"""ti_mmwave""",0,12.765625,0.3984375,0.2265625,15.674243927,0.0,8,1.78772127628,30.0086765289
1596073449805767605,,71611,,1596073449,805290290,"""ti_mmwave""",0,12.765625,0.3984375,0.21875,15.674243927,0.0,8,1.78772127628,29.9738636017
1596073449840799178,,71612,,1596073449,840393180,"""ti_mmwave""",0,12.7421875,0.796875,0.2421875,15.674243927,0.0,8,3.5785214901,29.9519634247
1596073449875752115,,71613,,1596073449,875316968,"""ti_mmwave""",0,12.7421875,0.796875,0.25,15.674243927,0.0,8,3.5785214901,29.9651165009
1596073449905820988,,71614,,1596073449,905182520,"""ti_mmwave""",0,12.765625,0.3984375,0.234375,15.674243927,0.0,8,1.78772127628,29.9519634247
1596073449940778364,,71615,,1596073449,940316813,"""ti_mmwave""",0,12.765625,0.3984375,0.2421875,15.674243927,0.0,8,1.78772127628,29.9913063049
1596073449975626435,,71616,,1596073449,975192348,"""ti_mmwave""",0,12.765625,0.3984375,0.2265625,15.674243927,0.0,8,1.78772127628,30.013010025
1596073450005544247,,71617,,1596073450,5224597,"""ti_mmwave""",0,12.765625,0.3984375,0.2421875,15.674243927,0.0,8,1.78772127628,30.0216598511
1596073450040787434,,71618,,1596073450,40356834,"""ti_mmwave""",0,12.765625,0.3984375,0.1953125,15.674243927,0.0,8,1.78772127628,30.0259799957
1596073450075898776,,71619,,1596073450,75419782,"""ti_mmwave""",0,12.7421875,0.796875,0.234375,15.674243927,0.0,8,3.5785214901,30.0
1596073450105646197,,71620,,1596073450,105316982,"""ti_mmwave""",0,12.7421875,0.796875,0.2578125,15.674243927,0.0,8,3.5785214901,30.0043411255
1596073450140708627,,71621,,1596073450,140333745,"""ti_mmwave""",0,12.7421875,0.796875,0.25,15.674243927,0.0,8,3.5785214901,30.0
1596073450175813480,,71622,,1596073450,175366292,"""ti_mmwave""",0,12.765625,0.3984375,0.21875,15.674243927,0.0,8,1.78772127628,30.0043411255
1596073450205782766,,71623,,1596073450,205391197,"""ti_mmwave""",0,12.765625,0.3984375,0.2265625,15.674243927,0.0,8,1.78772127628,30.0173377991
1596073450240791885,,71624,,1596073450,240390601,"""ti_mmwave""",0,12.765625,0.3984375,0.2265625,15.674243927,0.0,8,1.78772127628,30.0259799957
1596073450276640304,,71625,,1596073450,275570061,"""ti_mmwave""",0,12.765625,0.3984375,0.2265625,15.674243927,0.0,8,1.78772127628,30.013010025
1596073450305459142,,71626,,1596073450,305150056,"""ti_mmwave""",0,12.765625,0.3984375,0.21875,15.674243927,0.0,8,1.78772127628,30.0259799957
1596073450340832309,,71627,,1596073450,340308081,"""ti_mmwave""",0,12.765625,0.3984375,0.21875,15.674243927,0.0,8,1.78772127628,30.013010025
1596073450375616895,,71628,,1596073450,375207528,"""ti_mmwave""",0,12.765625,0.3984375,0.2265625,15.674243927,0.0,8,1.78772127628,30.0216598511
1596073450406083911,,71629,,1596073450,405354790,"""ti_mmwave""",0,12.7421875,0.796875,0.2734375,15.674243927,0.0,8,3.5785214901,29.9956550598
1596073450440662981,,71630,,1596073450,440201239,"""ti_mmwave""",0,12.7421875,0.796875,0.2421875,15.674243927,0.0,8,3.5785214901,29.986951828
1596073450475629867,,71631,,1596073450,475208526,"""ti_mmwave""",0,12.7421875,0.796875,0.25,15.674243927,0.0,8,3.5785214901,29.9738636017
1596073450505961433,,71632,,1596073450,505364268,"""ti_mmwave""",0,12.7421875,0.796875,0.25,15.674243927,0.0,8,3.5785214901,29.9782314301
1596073450540439778,,71633,,1596073450,540174388,"""ti_mmwave""",0,12.7421875,0.796875,0.25,15.674243927,0.0,8,3.5785214901,29.986951828
1596073450575833597,,71634,,1596073450,575465930,"""ti_mmwave""",0,12.7421875,0.796875,0.265625,15.674243927,0.0,8,3.5785214901,29.986951828
1596073450605742001,,71635,,1596073450,605210781,"""ti_mmwave""",0,12.7421875,0.796875,0.25,15.674243927,0.0,8,3.5785214901,29.986951828
1596073450640833893,,71636,,1596073450,640388438,"""ti_mmwave""",0,12.7421875,0.796875,0.25,15.674243927,0.0,8,3.5785214901,29.9956550598
1596073450675545338,,71637,,1596073450,675208639,"""ti_mmwave""",0,12.765625,0.3984375,0.21875,15.674243927,0.0,8,1.78772127628,30.013010025
1596073450705797622,,71638,,1596073450,705326372,"""ti_mmwave""",0,12.765625,0.3984375,0.2265625,15.674243927,0.0,8,1.78772127628,30.0259799957
1596073450740738374,,71639,,1596073450,740401131,"""ti_mmwave""",0,12.765625,0.3984375,0.2109375,15.674243927,0.0,8,1.78772127628,30.013010025
1596073450775827697,,71640,,1596073450,775453041,"""ti_mmwave""",0,12.765625,0.3984375,0.2265625,15.674243927,0.0,8,1.78772127628,30.013010025
1596073450805630477,,71641,,1596073450,805151056,"""ti_mmwave""",0,12.765625,0.3984375,0.2109375,15.674243927,0.0,8,1.78772127628,30.0259799957
1596073450841120576,,71642,,1596073450,840524933,"""ti_mmwave""",0,12.765625,0.3984375,0.2265625,15.674243927,0.0,8,1.78772127628,30.0216598511
1596073450875957667,,71643,,1596073450,875474204,"""ti_mmwave""",0,12.765625,0.3984375,0.203125,15.674243927,0.0,8,1.78772127628,30.0173377991
1596073450905638783,,71644,,1596073450,905206717,"""ti_mmwave""",0,12.7421875,0.796875,0.25,15.674243927,0.0,8,3.5785214901,29.9913063049
1596073450940780101,,71645,,1596073450,940261653,"""ti_mmwave""",0,12.7421875,0.796875,0.2421875,15.674243927,0.0,8,3.5785214901,29.9782314301
1596073450975919667,,71646,,1596073450,975440764,"""ti_mmwave""",0,12.7421875,0.796875,0.25,15.674243927,0.0,8,3.5785214901,29.9825935364
1596073451005693772,,71647,,1596073451,5193038,"""ti_mmwave""",0,12.7421875,0.796875,0.28125,15.674243927,0.0,8,3.5785214901,29.986951828
1596073451040626897,,71648,,1596073451,40225230,"""ti_mmwave""",0,12.7421875,0.796875,0.234375,15.674243927,0.0,8,3.5785214901,29.9694919586
1596073451076197330,,71649,,1596073451,75386798,"""ti_mmwave""",0,12.7421875,0.796875,0.2578125,15.674243927,0.0,8,3.5785214901,30.0043411255
1596073451105466497,,71650,,1596073451,105119661,"""ti_mmwave""",0,12.7421875,0.796875,0.265625,15.674243927,0.0,8,3.5785214901,30.0043411255
1596073451141322751,,71651,,1596073451,140688041,"""ti_mmwave""",0,12.765625,0.3984375,0.234375,15.674243927,0.0,8,1.78772127628,30.0216598511
1596073451176341769,,71652,,1596073451,175211436,"""ti_mmwave""",0,12.765625,0.3984375,0.234375,15.674243927,0.0,8,1.78772127628,30.0173377991
1596073451205691416,,71653,,1596073451,205161135,"""ti_mmwave""",0,12.765625,0.3984375,0.21875,15.674243927,0.0,8,1.78772127628,30.013010025
1596073451240524399,,71654,,1596073451,240146442,"""ti_mmwave""",0,12.765625,0.3984375,0.2265625,15.674243927,0.0,8,1.78772127628,30.013010025
1596073451275811228,,71655,,1596073451,275211701,"""ti_mmwave""",0,12.765625,0.3984375,0.2109375,15.674243927,0.0,8,1.78772127628,30.0173377991
1596073451305511484,,71656,,1596073451,305133858,"""ti_mmwave""",0,12.765625,0.3984375,0.2109375,15.674243927,0.0,8,1.78772127628,30.0259799957
1596073451340639762,,71657,,1596073451,340151078,"""ti_mmwave""",0,12.765625,0.3984375,0.21875,15.674243927,0.0,8,1.78772127628,30.0173377991
1596073451376880445,,71658,,1596073451,375198569,"""ti_mmwave""",0,12.765625,0.3984375,0.2265625,15.674243927,0.0,8,1.78772127628,30.013010025
1596073451405517977,,71659,,1596073451,405165029,"""ti_mmwave""",0,12.7421875,0.796875,0.265625,15.674243927,0.0,8,3.5785214901,30.0
1596073451440627844,,71660,,1596073451,440177426,"""ti_mmwave""",0,12.7421875,0.796875,0.2578125,15.674243927,0.0,8,3.5785214901,29.9782314301
1596073451475583410,,71661,,1596073451,475237167,"""ti_mmwave""",0,12.7421875,0.796875,0.234375,15.674243927,0.0,8,3.5785214901,29.9825935364
1596073451505620645,,71662,,1596073451,505176598,"""ti_mmwave""",0,12.7421875,0.796875,0.265625,15.674243927,0.0,8,3.5785214901,29.9913063049
1596073451540342223,,71663,,1596073451,540082859,"""ti_mmwave""",0,12.7421875,0.796875,0.25,15.674243927,0.0,8,3.5785214901,29.9913063049
1596073451575577673,,71664,,1596073451,575240108,"""ti_mmwave""",0,12.7421875,0.796875,0.265625,15.674243927,0.0,8,3.5785214901,29.9825935364
1596073451605565414,,71665,,1596073451,605224410,"""ti_mmwave""",0,12.7421875,0.796875,0.28125,15.674243927,0.0,8,3.5785214901,30.0086765289
1596073451640792281,,71666,,1596073451,640397519,"""ti_mmwave""",0,12.765625,0.3984375,0.2109375,15.674243927,0.0,8,1.78772127628,30.0173377991
1596073451675619858,,71667,,1596073451,675186430,"""ti_mmwave""",0,12.765625,0.3984375,0.2265625,15.674243927,0.0,8,1.78772127628,30.0043411255
1596073451705782410,,71668,,1596073451,705342914,"""ti_mmwave""",0,12.765625,0.3984375,0.2421875,15.674243927,0.0,8,1.78772127628,29.9913063049
1596073451740815587,,71669,,1596073451,740361203,"""ti_mmwave""",0,12.765625,0.3984375,0.2265625,15.674243927,0.0,8,1.78772127628,29.9651165009
1596073451776040522,,71670,,1596073451,775525864,"""ti_mmwave""",0,12.7421875,0.796875,0.2421875,15.674243927,0.0,8,3.5785214901,29.9607372284
1596073451805655449,,71671,,1596073451,805209821,"""ti_mmwave""",0,12.7421875,0.796875,0.2421875,15.674243927,0.0,8,3.5785214901,29.9738636017
1596073451840675630,,71672,,1596073451,840342631,"""ti_mmwave""",0,12.7421875,0.796875,0.2578125,15.674243927,0.0,8,3.5785214901,29.9738636017
1596073451876107482,,71673,,1596073451,875350340,"""ti_mmwave""",0,12.7421875,0.796875,0.25,15.674243927,0.0,8,3.5785214901,29.9519634247
1596073451905731274,,71674,,1596073451,905262841,"""ti_mmwave""",0,12.765625,0.3984375,0.234375,15.674243927,0.0,8,1.78772127628,29.9607372284
1596073451941047180,,71675,,1596073451,940373477,"""ti_mmwave""",0,12.765625,0.3984375,0.2109375,15.674243927,0.0,8,1.78772127628,29.9825935364
1596073451975503210,,71676,,1596073451,975136369,"""ti_mmwave""",0,12.765625,0.3984375,0.2109375,15.674243927,0.0,8,1.78772127628,30.0043411255
1596073452006199402,,71677,,1596073452,5305209,"""ti_mmwave""",0,12.765625,0.3984375,0.2109375,15.674243927,0.0,8,1.78772127628,29.9825935364
1596073452040622952,,71678,,1596073452,40249005,"""ti_mmwave""",0,12.765625,0.3984375,0.2109375,15.674243927,0.0,8,1.78772127628,30.013010025
1596073452075945370,,71679,,1596073452,75430824,"""ti_mmwave""",0,12.765625,0.3984375,0.234375,15.674243927,0.0,8,1.78772127628,30.0086765289
1596073452105822600,,71680,,1596073452,105358111,"""ti_mmwave""",0,12.765625,0.3984375,0.1953125,15.674243927,0.0,8,1.78772127628,29.9956550598
1596073452140785259,,71681,,1596073452,140334591,"""ti_mmwave""",0,12.765625,0.3984375,0.21875,15.674243927,0.0,8,1.78772127628,30.013010025
1596073452175845613,,71682,,1596073452,175368868,"""ti_mmwave""",0,12.765625,0.3984375,0.203125,15.674243927,0.0,8,1.78772127628,29.9913063049
1596073452205824204,,71683,,1596073452,205420205,"""ti_mmwave""",0,12.7421875,0.796875,0.2421875,15.674243927,0.0,8,3.5785214901,29.9475688934
1596073452240630216,,71684,,1596073452,240311581,"""ti_mmwave""",0,12.765625,0.3984375,0.2265625,15.674243927,0.0,8,1.78772127628,29.9343624115
1596073452275783142,,71685,,1596073452,275375142,"""ti_mmwave""",0,12.7421875,0.796875,0.2421875,15.674243927,0.0,8,3.5785214901,29.9825935364
1596073452305819792,,71686,,1596073452,305531707,"""ti_mmwave""",0,12.7421875,0.796875,0.25,15.674243927,0.0,8,3.5785214901,29.9694919586
1596073452340692415,,71687,,1596073452,340339115,"""ti_mmwave""",0,12.7421875,0.796875,0.265625,15.674243927,0.0,8,3.5785214901,29.9475688934
1596073452376048827,,71688,,1596073452,375574503,"""ti_mmwave""",0,12.765625,0.3984375,0.2109375,15.674243927,0.0,8,1.78772127628,29.9519634247
1596073452406007049,,71689,,1596073452,405577437,"""ti_mmwave""",0,12.765625,0.3984375,0.1953125,15.674243927,0.0,8,1.78772127628,30.013010025
1596073452441041097,,71690,,1596073452,440599885,"""ti_mmwave""",0,12.765625,0.3984375,0.21875,15.674243927,0.0,8,1.78772127628,30.0086765289
1596073452476086829,,71691,,1596073452,475608321,"""ti_mmwave""",0,12.765625,0.3984375,0.2265625,15.674243927,0.0,8,1.78772127628,30.0086765289
1596073452506065323,,71692,,1596073452,505650147,"""ti_mmwave""",0,12.7421875,0.796875,0.265625,15.674243927,0.0,8,3.5785214901,30.0086765289
1596073452540975833,,71693,,1596073452,540557228,"""ti_mmwave""",0,12.7421875,0.796875,0.2578125,15.674243927,0.0,8,3.5785214901,30.0
1596073452575876777,,71694,,1596073452,575397958,"""ti_mmwave""",0,12.7421875,0.796875,0.2734375,15.674243927,0.0,8,3.5785214901,30.0086765289
1596073452605929797,,71695,,1596073452,605479481,"""ti_mmwave""",0,12.765625,0.3984375,0.203125,15.674243927,0.0,8,1.78772127628,30.0173377991
1596073452640773056,,71696,,1596073452,640381678,"""ti_mmwave""",0,12.765625,0.3984375,0.21875,15.674243927,0.0,8,1.78772127628,30.0086765289
1596073452676147795,,71697,,1596073452,675411433,"""ti_mmwave""",0,12.765625,0.3984375,0.21875,15.674243927,0.0,8,1.78772127628,29.9738636017
1596073452705752407,,71698,,1596073452,705360482,"""ti_mmwave""",0,12.7421875,0.796875,0.2734375,15.674243927,0.0,8,3.5785214901,29.9563522339
1596073452740754115,,71699,,1596073452,740290171,"""ti_mmwave""",0,12.7421875,0.796875,0.265625,15.674243927,0.0,8,3.5785214901,29.9607372284
1596073452775740057,,71700,,1596073452,775324290,"""ti_mmwave""",0,12.7421875,0.796875,0.25,15.674243927,0.0,8,3.5785214901,29.9651165009
1596073452806259150,,71701,,1596073452,805461251,"""ti_mmwave""",0,12.7421875,0.796875,0.2578125,15.674243927,0.0,8,3.5785214901,29.9519634247
1596073452840910896,,71702,,1596073452,840482028,"""ti_mmwave""",0,12.765625,0.3984375,0.2265625,15.674243927,0.0,8,1.78772127628,29.986951828
1596073452875457544,,71703,,1596073452,875220096,"""ti_mmwave""",0,12.765625,0.3984375,0.1875,15.674243927,0.0,8,1.78772127628,30.013010025
1596073452906015223,,71704,,1596073452,905376673,"""ti_mmwave""",0,12.765625,0.3984375,0.234375,15.674243927,0.0,8,1.78772127628,30.013010025
1596073452940800374,,71705,,1596073452,940346413,"""ti_mmwave""",0,12.7421875,0.796875,0.25,15.674243927,0.0,8,3.5785214901,30.0043411255
1596073452975642533,,71706,,1596073452,975291512,"""ti_mmwave""",0,12.7421875,0.796875,0.2578125,15.674243927,0.0,8,3.5785214901,29.9782314301
1596073453005727503,,71707,,1596073453,5291866,"""ti_mmwave""",0,12.7421875,0.796875,0.265625,15.674243927,0.0,8,3.5785214901,29.9956550598
